dragon,name,type,reused,launch,customers,norad_ids,nationalities,manufacturers,mass_kg,mass_lbs,orbit,reference_system,regime,longitude,semi_major_axis_km,eccentricity,periapsis_km,apoapsis_km,inclination_deg,period_min,lifespan_years,epoch,mean_motion,raan,arg_of_pericenter,mean_anomaly,id
"{'capsule': None, 'mass_returned_kg': None, 'mass_returned_lbs': None, 'flight_time_sec': None, 'manifest': None, 'water_landing': None, 'land_landing': None}",FalconSAT-2,Satellite,False,5eb87cd9ffd86e000604b32a,['DARPA'],[],['United States'],['SSTL'],20.0,43.0,LEO,geocentric,low-earth,,,,400.0,500.0,39.0,,,,,,,,5eb0e4b5b6c3bb0006eeb1e1
"{'capsule': None, 'mass_returned_kg': None, 'mass_returned_lbs': None, 'flight_time_sec': None, 'manifest': None, 'water_landing': None, 'land_landing': None}",DemoSAT,Satellite,False,5eb87cdaffd86e000604b32b,['DARPA'],[],['United States'],['SpaceX'],,,LEO,geocentric,low-earth,,,,,,,,,,,,,,5eb0e4b6b6c3bb0006eeb1e2
"{'capsule': None, 'mass_returned_kg': None, 'mass_returned_lbs': None, 'flight_time_sec': None, 'manifest': None, 'water_landing': None, 'land_landing': None}",Trailblazer,Satellite,False,5eb87cdbffd86e000604b32c,['NASA'],[],['United States'],['Space Dev'],,,LEO,geocentric,low-earth,,,,,,,,,,,,,,5eb0e4b6b6c3bb0006eeb1e3
"{'capsule': None, 'mass_returned_kg': None, 'mass_returned_lbs': None, 'flight_time_sec': None, 'manifest': None, 'water_landing': None, 'land_landing': None}",PRESat,Satellite,False,5eb87cdbffd86e000604b32c,['ORS'],[],['United States'],[],,,LEO,geocentric,low-earth,,,,,,,,,,,,,,5eb0e4b6b6c3bb0006eeb1e4
"{'capsule': None, 'mass_returned_kg': None, 'mass_returned_lbs': None, 'flight_time_sec': None, 'manifest': None, 'water_landing': None, 'land_landing': None}",RatSat,Satellite,False,5eb87cdbffd86e000604b32d,['SpaceX'],[33393],['United States'],['SpaceX'],165.0,363.0,LEO,geocentric,low-earth,,6988.564,0.0013012,601.336,619.523,9.3448,96.904,,2022-11-30T07:27:28.000Z,14.86006859,192.617,331.2516,28.6966,5eb0e4b7b6c3bb0006eeb1e5
"{'capsule': None, 'mass_returned_kg': None, 'mass_returned_lbs': None, 'flight_time_sec': None, 'manifest': None, 'water_landing': None, 'land_landing': None}",RazakSAT,Satellite,False,5eb87cdcffd86e000604b32e,['ATSB'],[35578],['Malaysia'],['Satrec'],200.0,440.0,LEO,geocentric,low-earth,,7047.782,0.0016973,657.685,681.609,8.9865,98.138,,2022-11-30T09:34:29.000Z,14.67317419,230.5004,297.8648,61.9823,5eb0e4b7b6c3bb0006eeb1e6
"{'capsule': None, 'mass_returned_kg': None, 'mass_returned_lbs': None, 'flight_time_sec': None, 'manifest': None, 'water_landing': None, 'land_landing': None}",Dragon Qualification Unit,Dragon Boilerplate,False,5eb87cddffd86e000604b32f,['SpaceX'],[36595],['United States'],['SpaceX'],,,LEO,geocentric,low-earth,,6634.458,0.0030715,235.945,276.701,34.5005,89.632,,2010-06-04T20:04:51.000Z,16.06552645,41.2862,213.759,146.1185,5eb0e4b7b6c3bb0006eeb1e7
"{'capsule': '5e9e2c5bf35918ed873b2664', 'mass_returned_kg': None, 'mass_returned_lbs': None, 'flight_time_sec': 11940, 'manifest': None, 'water_landing': True, 'land_landing': False}",COTS Demo Flight 1,Dragon 1.0,False,5eb87cdeffd86e000604b330,['NASA(COTS)'],[37244],['United States'],['SpaceX'],,,LEO,geocentric,low-earth,,6672.063,0.0021812,279.375,308.481,34.5447,90.396,,2010-12-08T15:34:03.000Z,15.9298967,180.7668,225.2707,136.6556,5eb0e4b9b6c3bb0006eeb1e8
"{'capsule': None, 'mass_returned_kg': None, 'mass_returned_lbs': None, 'flight_time_sec': None, 'manifest': None, 'water_landing': None, 'land_landing': None}",Cubesats,Satellite,False,5eb87cdeffd86e000604b330,['NRO'],[],[],[],,,LEO,geocentric,low-earth,,,,,,,,,,,,,,5eb0e4b9b6c3bb0006eeb1e9
"{'capsule': '5e9e2c5bf3591882af3b2665', 'mass_returned_kg': None, 'mass_returned_lbs': None, 'flight_time_sec': 806400, 'manifest': None, 'water_landing': True, 'land_landing': False}",COTS Demo Flight 2,Dragon 1.0,False,5eb87cdfffd86e000604b331,['NASA(COTS)'],[38348],['United States'],['SpaceX'],525.0,1157.0,LEO,geocentric,low-earth,,6711.684,0.0057963,294.646,372.452,51.6726,91.202,,2012-05-22T09:12:31.000Z,15.78904505,251.5418,331.7079,31.2745,5eb0e4bab6c3bb0006eeb1ea
"{'capsule': '5e9e2c5bf3591835983b2666', 'mass_returned_kg': 905, 'mass_returned_lbs': 1995, 'flight_time_sec': 1728000, 'manifest': 'https://en.wikipedia.org/wiki/SpaceX_CRS-1#Payload', 'water_landing': True, 'land_landing': False}",CRS-1,Dragon 1.0,False,5eb87ce0ffd86e000604b332,['NASA (CRS)'],[38846],['United States'],['SpaceX'],400.0,881.0,ISS,geocentric,low-earth,,6643.164,0.0092222,203.764,326.293,51.6539,89.809,,2012-10-08T00:31:33.000Z,16.03395683,281.4248,54.4728,306.4841,5eb0e4bab6c3bb0006eeb1eb
"{'capsule': None, 'mass_returned_kg': None, 'mass_returned_lbs': None, 'flight_time_sec': None, 'manifest': None, 'water_landing': None, 'land_landing': None}",Orbcomm-OG2,Dragon 1.0,False,5eb87ce0ffd86e000604b332,['Orbcomm'],[],[],[],400.0,881.0,LEO,geocentric,low-earth,,,,,,45.0,,5.0,,,,,,5eb0e4bab6c3bb0006eeb1ec
"{'capsule': '5e9e2c5bf359189ef23b2667', 'mass_returned_kg': 1370, 'mass_returned_lbs': 3020, 'flight_time_sec': 2160000, 'manifest': 'https://en.wikipedia.org/wiki/SpaceX_CRS-2#Payload', 'water_landing': True, 'land_landing': False}",CRS-2,Dragon 1.0,False,5eb87ce1ffd86e000604b333,['NASA (CRS)'],[39115],['United States'],['SpaceX'],677.0,1492.0,ISS,geocentric,low-earth,,6640.79,0.0089419,203.274,322.036,51.6797,89.761,,2013-03-01T20:19:32.000Z,16.04255447,281.5076,50.5296,127.2881,5eb0e4bbb6c3bb0006eeb1ed
"{'capsule': None, 'mass_returned_kg': None, 'mass_returned_lbs': None, 'flight_time_sec': None, 'manifest': None, 'water_landing': None, 'land_landing': None}",CASSIOPE,Satellite,False,5eb87ce1ffd86e000604b334,['MDA'],[39265],['Canada'],['MDA'],500.0,1100.0,PO,geocentric,low-earth,,7127.09,0.0605753,317.23,1180.681,80.9625,99.799,2.0,2022-11-30T12:48:53.000Z,14.42893773,90.7498,184.5986,174.9493,5eb0e4bbb6c3bb0006eeb1ee
"{'capsule': None, 'mass_returned_kg': None, 'mass_returned_lbs': None, 'flight_time_sec': None, 'manifest': None, 'water_landing': None, 'land_landing': None}",SES-8,Satellite,False,5eb87ce2ffd86e000604b335,['SES'],[39460],['Luxembourg'],['Orbital ATK'],3170.0,6990.0,GTO,geocentric,geostationary,95.0,42164.65,7.12e-05,35783.513,35789.517,0.0228,1436.093,15.0,2022-11-30T11:14:45.000Z,1.00272077,266.5372,298.5075,127.9723,5eb0e4bbb6c3bb0006eeb1ef
"{'capsule': None, 'mass_returned_kg': None, 'mass_returned_lbs': None, 'flight_time_sec': None, 'manifest': None, 'water_landing': None, 'land_landing': None}",Thaicom 6,Satellite,False,5eb87ce3ffd86e000604b336,['Thaicom'],[39500],['Thailand'],['Orbital ATK'],3325.0,7330.0,GTO,geocentric,geostationary,78.5,42165.407,0.0002977,35774.719,35799.824,0.0641,1436.131,15.0,2022-11-30T11:09:59.000Z,1.00269378,115.8521,114.5434,84.8946,5eb0e4bbb6c3bb0006eeb1f0
"{'capsule': '5e9e2c5bf3591859a63b2668', 'mass_returned_kg': 1600, 'mass_returned_lbs': 3500, 'flight_time_sec': 2592000, 'manifest': 'https://en.wikipedia.org/wiki/SpaceX_CRS-3#Primary_payload_and_downmass', 'water_landing': True, 'land_landing': False}",CRS-3,Dragon 1.1,False,5eb87ce4ffd86e000604b337,['NASA (CRS)'],[39680],['United States'],['SpaceX'],2296.0,5062.0,ISS,geocentric,low-earth,,6700.881,0.0013819,313.486,332.006,51.6429,90.982,,2014-04-18T19:40:03.000Z,15.82724147,34.0918,268.425,162.2575,5eb0e4bbb6c3bb0006eeb1f1
"{'capsule': None, 'mass_returned_kg': None, 'mass_returned_lbs': None, 'flight_time_sec': None, 'manifest': None, 'water_landing': None, 'land_landing': None}",Orbcomm-OG2-M1,Satellite,False,5eb87ce4ffd86e000604b338,['Orbcomm'],[38847],['United States'],['Boeing'],1316.0,2901.0,LEO,geocentric,low-earth,,6641.01,0.0090712,202.633,323.117,51.6528,89.765,5.0,2012-10-08T03:42:59.000Z,16.04175555,280.7278,54.0639,355.0595,5eb0e4bcb6c3bb0006eeb1f2
"{'capsule': None, 'mass_returned_kg': None, 'mass_returned_lbs': None, 'flight_time_sec': None, 'manifest': None, 'water_landing': None, 'land_landing': None}",AsiaSat 8,Satellite,False,5eb87ce5ffd86e000604b339,['AsiaSat'],[40107],['Hong Kong'],['SSL'],4535.0,9998.0,GTO,geocentric,geostationary,105.5,42165.071,0.0002099,35778.085,35795.786,0.013,1436.114,15.0,2022-11-30T07:19:47.000Z,1.00270577,309.1379,292.6826,293.4039,5eb0e4bcb6c3bb0006eeb1f3
"{'capsule': None, 'mass_returned_kg': None, 'mass_returned_lbs': None, 'flight_time_sec': None, 'manifest': None, 'water_landing': None, 'land_landing': None}",AsiaSat 6,Satellite,False,5eb87ce6ffd86e000604b33a,['AsiaSat'],[40141],['Hong Kong'],['SSL'],4428.0,9762.0,GTO,geocentric,geostationary,120.0,42165.635,5.33e-05,35785.253,35789.747,0.0008,1436.143,15.0,2022-11-29T23:18:47.000Z,1.00268564,68.8962,174.7855,294.748,5eb0e4bcb6c3bb0006eeb1f4
"{'capsule': '5e9e2c5bf3591880643b2669', 'mass_returned_kg': 1486, 'mass_returned_lbs': 3276, 'flight_time_sec': 2987160, 'manifest': 'https://www.nasa.gov/sites/default/files/files/SpaceX_CRS-4_Mission_Overview-1.pdf', 'water_landing': True, 'land_landing': False}",CRS-4,Dragon 1.1,False,5eb87ce7ffd86e000604b33b,['NASA (CRS)'],[40210],['United States'],['SpaceX'],2216.0,4885.0,ISS,geocentric,low-earth,,6657.288,0.0113888,203.334,354.971,51.6518,90.095,,2014-09-21T05:48:51.000Z,15.98295763,344.0345,46.2662,314.7708,5eb0e4bcb6c3bb0006eeb1f5
"{'capsule': '5e9e2c5bf35918165f3b266a', 'mass_returned_kg': 1633, 'mass_returned_lbs': 3600, 'flight_time_sec': 2764800, 'manifest': 'https://www.nasa.gov/sites/default/files/files/SpaceX_CRS-5_factsheet.pdf', 'water_landing': True, 'land_landing': False}",CRS-5,Dragon 1.1,False,5eb87ce8ffd86e000604b33c,['NASA (CRS)'],[40370],['United States'],['SpaceX'],2395.0,5280.0,ISS,geocentric,low-earth,,6656.902,0.0109236,206.049,351.484,51.6369,90.088,,2015-01-10T09:44:04.000Z,15.98433248,152.0013,46.9449,314.0689,5eb0e4bdb6c3bb0006eeb1f6
"{'capsule': None, 'mass_returned_kg': None, 'mass_returned_lbs': None, 'flight_time_sec': None, 'manifest': None, 'water_landing': None, 'land_landing': None}",DSCOVR,Satellite,False,5eb87ceaffd86e000604b33d,"['NASA', 'NOAA', 'USAF']",[40390],['United States'],['Sierra Nevada'],570.0,1260.0,ES-L1,heliocentric,L1-point,,,,,,,,5.0,,,,,,5eb0e4bdb6c3bb0006eeb1f7
"{'capsule': None, 'mass_returned_kg': None, 'mass_returned_lbs': None, 'flight_time_sec': None, 'manifest': None, 'water_landing': None, 'land_landing': None}",ABS-3A,Satellite,False,5eb87ceaffd86e000604b33e,['ABS'],[40424],['Hong Kong'],['Boeing'],1954.0,4307.0,GTO,geocentric,geostationary,-3.0,42165.41,0.0002,35778.842,35795.708,0.0096,1436.132,15.0,2022-11-30T09:03:20.000Z,1.00269366,347.5612,149.4972,65.0331,5eb0e4bdb6c3bb0006eeb1f8
"{'capsule': None, 'mass_returned_kg': None, 'mass_returned_lbs': None, 'flight_time_sec': None, 'manifest': None, 'water_landing': None, 'land_landing': None}",Eutelsat 115 West B,Satellite,False,5eb87ceaffd86e000604b33e,['Eutelsat'],[40425],['France'],['Boeing'],2205.0,4861.0,GTO,geocentric,geostationary,-114.9,42164.066,2.31e-05,35784.957,35786.905,0.0057,1436.063,15.0,2022-11-30T12:56:23.000Z,1.0027416,157.6304,123.7592,227.2143,5eb0e4bdb6c3bb0006eeb1f9
"{'capsule': '5e9e2c5cf359188bfb3b266b', 'mass_returned_kg': 1361, 'mass_returned_lbs': 3000, 'flight_time_sec': 3110400, 'manifest': 'https://blogs.nasa.gov/spacex/wp-content/uploads/sites/227/2015/04/SpaceX_CRS-6_Mission_Overview.pdf', 'water_landing': True, 'land_landing': False}",CRS-6,Dragon 1.1,False,5eb87cecffd86e000604b33f,['NASA (CRS)'],[40588],['United States'],['SpaceX'],1898.0,4184.0,ISS,geocentric,low-earth,,6661.265,0.0116467,205.548,360.711,51.6488,90.176,,2015-04-14T20:35:14.000Z,15.96863068,40.8878,48.0984,63.0723,5eb0e4bdb6c3bb0006eeb1fa
"{'capsule': None, 'mass_returned_kg': None, 'mass_returned_lbs': None, 'flight_time_sec': None, 'manifest': None, 'water_landing': None, 'land_landing': None}",TürkmenÄlem 52°E / MonacoSAT,Satellite,False,5eb87cedffd86e000604b340,['Turkmenistan National Space Agency'],[40617],['Turkmenistan'],['Thales Alenia Space'],4707.0,10377.0,GTO,geocentric,geostationary,52.0,42164.216,0.000278,35774.36,35797.803,0.0128,1436.071,15.0,2022-11-30T11:02:27.000Z,1.00273624,311.2889,296.2835,39.401,5eb0e4beb6c3bb0006eeb1fb
"{'capsule': '5e9e2c5cf35918407d3b266c', 'mass_returned_kg': None, 'mass_returned_lbs': None, 'flight_time_sec': 139, 'manifest': 'https://www.nasa.gov/sites/default/files/atoms/files/spacex_crs-7_mission_overview.pdf', 'water_landing': True, 'land_landing': False}",CRS-7,Dragon 1.1,False,5eb87ceeffd86e000604b341,['NASA (CRS)'],[],['United States'],['SpaceX'],2477.0,5460.9,ISS,geocentric,low-earth,,,,,,51.6,,,,,,,,5eb0e4beb6c3bb0006eeb1fc
"{'capsule': None, 'mass_returned_kg': None, 'mass_returned_lbs': None, 'flight_time_sec': None, 'manifest': None, 'water_landing': None, 'land_landing': None}",Orbcomm-OG2-M2,Satellite,False,5eb87cefffd86e000604b342,['Orbcomm'],[41187],['United States'],['Boeing'],2034.0,4484.0,LEO,geocentric,low-earth,,7086.606,0.0001968,707.076,709.866,47.0034,98.95,5.0,2022-11-30T06:43:09.000Z,14.55275843,167.138,1.3541,358.7349,5eb0e4beb6c3bb0006eeb1fd
"{'capsule': None, 'mass_returned_kg': None, 'mass_returned_lbs': None, 'flight_time_sec': None, 'manifest': None, 'water_landing': None, 'land_landing': None}",Jason-3,Satellite,False,5eb87cf0ffd86e000604b343,"['NASA', 'NOAA']",[41240],['United States'],['Thales Alenia Space'],553.0,1219.0,PO,geocentric,low-earth,,7715.868,0.0007884,1331.649,1343.816,66.0415,112.418,5.0,2022-11-30T13:02:56.000Z,12.80930622,304.0982,268.0487,91.9625,5eb0e4beb6c3bb0006eeb1fe
"{'capsule': None, 'mass_returned_kg': None, 'mass_returned_lbs': None, 'flight_time_sec': None, 'manifest': None, 'water_landing': None, 'land_landing': None}",SES-9,Satellite,False,5eb87cf2ffd86e000604b344,['SES'],[41380],['Luxembourg'],['Boeing'],5271.0,11621.0,GTO,geocentric,geostationary,108.2,42164.927,6.37e-05,35784.106,35789.478,0.0149,1436.107,15.0,2022-11-29T23:15:32.000Z,1.00271089,305.3704,219.1862,1.4633,5eb0e4beb6c3bb0006eeb1ff
"{'capsule': '5e9e2c5cf3591885d43b266d', 'mass_returned_kg': 1678, 'mass_returned_lbs': 3700, 'flight_time_sec': 2843280, 'manifest': 'https://www.nasa.gov/sites/default/files/atoms/files/spacex_crs-8_mission_overview.pdf', 'water_landing': True, 'land_landing': False}",CRS-8,Dragon 1.1,False,5eb87cf3ffd86e000604b345,['NASA (CRS)'],[41452],['United States'],['SpaceX'],3136.0,6914.0,ISS,geocentric,low-earth,,6659.721,0.0108437,209.37,353.802,51.6569,90.145,,2016-04-08T21:07:36.000Z,15.9741849,43.9641,44.2256,64.0651,5eb0e4bfb6c3bb0006eeb200
"{'capsule': None, 'mass_returned_kg': None, 'mass_returned_lbs': None, 'flight_time_sec': None, 'manifest': None, 'water_landing': None, 'land_landing': None}",JCSAT-2B,Satellite,False,5eb87cf5ffd86e000604b346,['SKY Perfect JSAT Group'],[41471],['Japan'],['SSL'],4696.0,10353.0,GTO,geocentric,geostationary,154.0,42164.193,9.02e-05,35782.254,35789.861,0.0185,1436.069,15.0,2022-11-29T21:45:17.000Z,1.00273709,324.6812,289.4467,294.9697,5eb0e4bfb6c3bb0006eeb201
"{'capsule': None, 'mass_returned_kg': None, 'mass_returned_lbs': None, 'flight_time_sec': None, 'manifest': None, 'water_landing': None, 'land_landing': None}",Thaicom 8,Satellite,False,5eb87cf6ffd86e000604b347,['Thaicom'],[41552],['Thailand'],['Orbital ATK'],3100.0,6800.0,GTO,geocentric,geostationary,78.5,42164.984,0.0002013,35778.361,35795.337,0.0832,1436.11,15.0,2022-11-30T11:09:59.000Z,1.00270886,62.4602,241.0505,11.8502,5eb0e4bfb6c3bb0006eeb202
"{'capsule': None, 'mass_returned_kg': None, 'mass_returned_lbs': None, 'flight_time_sec': None, 'manifest': None, 'water_landing': None, 'land_landing': None}",ABS-2A,Satellite,False,5eb87cf8ffd86e000604b348,['ABS'],[41588],['Hong Kong'],['Boeing'],1800.0,3950.0,GTO,geocentric,geostationary,75.0,42165.923,0.0001655,35780.81,35794.767,0.0133,1436.158,15.0,2022-11-30T11:08:59.000Z,1.00267536,308.4166,187.8437,175.0139,5eb0e4bfb6c3bb0006eeb203
"{'capsule': None, 'mass_returned_kg': None, 'mass_returned_lbs': None, 'flight_time_sec': None, 'manifest': None, 'water_landing': None, 'land_landing': None}",Eutelsat 117 West B,Satellite,False,5eb87cf8ffd86e000604b348,['Eutelsat'],[40425],['France'],['Boeing'],1800.0,3950.0,GTO,geocentric,geostationary,-116.8,42164.066,2.31e-05,35784.957,35786.905,0.0057,1436.063,15.0,2022-11-30T12:56:23.000Z,1.0027416,157.6304,123.7592,227.2143,5eb0e4bfb6c3bb0006eeb204
"{'capsule': '5e9e2c5cf359183bb73b266e', 'mass_returned_kg': 1550, 'mass_returned_lbs': 3410, 'flight_time_sec': 3409380, 'manifest': 'https://www.nasa.gov/sites/default/files/atoms/files/spacex_crs-9_mission_overview2.pdf', 'water_landing': True, 'land_landing': False}",CRS-9,Dragon 1.1,False,5eb87cf9ffd86e000604b349,['NASA (CRS)'],[41672],['United States'],['SpaceX'],2257.0,4976.0,ISS,geocentric,low-earth,,6657.994,0.0113615,204.214,355.504,51.6593,90.11,,2016-07-18T05:09:49.000Z,15.98039801,263.3429,43.7868,66.5408,5eb0e4c0b6c3bb0006eeb205
"{'capsule': None, 'mass_returned_kg': None, 'mass_returned_lbs': None, 'flight_time_sec': None, 'manifest': None, 'water_landing': None, 'land_landing': None}",JCSAT-16,Satellite,False,5eb87cfaffd86e000604b34a,['SKY Perfect JCSAT Group'],[41729],['Japan'],['SSL'],4600.0,10100.0,GTO,geocentric,geostationary,162.0,42165.375,0.0003834,35771.073,35803.406,0.0761,1436.13,15.0,2022-11-30T09:30:57.000Z,1.00269493,92.7725,171.2922,40.9434,5eb0e4c1b6c3bb0006eeb206
"{'capsule': None, 'mass_returned_kg': None, 'mass_returned_lbs': None, 'flight_time_sec': None, 'manifest': None, 'water_landing': None, 'land_landing': None}",Amos-6,Satellite,False,5eb87cfbffd86e000604b34b,['Spacecom'],[],['Israel'],['Israel Aerospace Industries'],5500.0,12100.0,GTO,geocentric,geostationary,-4.0,,,35785.0,35800.0,,,15.0,,,,,,5eb0e4c1b6c3bb0006eeb207
"{'capsule': None, 'mass_returned_kg': None, 'mass_returned_lbs': None, 'flight_time_sec': None, 'manifest': None, 'water_landing': None, 'land_landing': None}",Iridium NEXT 1,Satellite,False,5eb87cfdffd86e000604b34c,['Iridium Communications'],"[41917, 41918, 41919, 41920, 41921, 41922, 41923, 41924, 41925, 41926]",['United States'],['Thales Alenia Space'],9600.0,21200.0,PO,geocentric,low-earth,,7155.806,0.0001911,776.304,779.039,86.3965,100.403,15.0,2022-11-30T12:58:31.000Z,14.34217173,269.4845,90.6539,269.4876,5eb0e4c2b6c3bb0006eeb208
"{'capsule': '5e9e2c5cf359185d753b266f', 'mass_returned_kg': 1652, 'mass_returned_lbs': 3642, 'flight_time_sec': 2419620, 'manifest': 'https://www.nasa.gov/sites/default/files/atoms/files/spacex_crs-10_mission_overview.pdf', 'water_landing': True, 'land_landing': False}",CRS-10,Dragon 1.1,False,5eb87cfeffd86e000604b34d,['NASA (CRS)'],[42053],['United States'],['SpaceX'],2490.0,5490.0,ISS,geocentric,low-earth,,6657.603,0.0115859,202.334,356.602,51.632,90.102,,2017-02-19T15:02:32.000Z,15.98180622,264.9784,44.275,62.9999,5eb0e4c3b6c3bb0006eeb209
"{'capsule': None, 'mass_returned_kg': None, 'mass_returned_lbs': None, 'flight_time_sec': None, 'manifest': None, 'water_landing': None, 'land_landing': None}",EchoStar 23,Satellite,False,5eb87cfeffd86e000604b34e,['EchoStar'],[42070],['United States'],['Airbus Defence and Space'],5600.0,12399.0,GTO,geocentric,geostationary,-44.9,42165.011,0.0002289,35777.224,35796.527,0.0174,1436.111,15.0,2022-11-30T13:03:49.000Z,1.0027079,334.0161,279.9748,261.4708,5eb0e4c3b6c3bb0006eeb20a
"{'capsule': None, 'mass_returned_kg': None, 'mass_returned_lbs': None, 'flight_time_sec': None, 'manifest': None, 'water_landing': None, 'land_landing': None}",SES-10,Satellite,False,5eb87d00ffd86e000604b34f,['SES'],[42432],['Luxembourg'],['Airbus Defence and Space'],5300.0,11700.0,GTO,geocentric,geostationary,-67.0,42165.499,0.0002847,35775.359,35799.368,0.0162,1436.136,15.0,2022-11-30T12:56:49.000Z,1.00269049,24.3984,227.996,304.3111,5eb0e4c3b6c3bb0006eeb20b
"{'capsule': None, 'mass_returned_kg': None, 'mass_returned_lbs': None, 'flight_time_sec': None, 'manifest': None, 'water_landing': None, 'land_landing': None}",NROL-76,Satellite,False,5eb87d01ffd86e000604b350,['NRO'],[],['United States'],['Boeing'],,,LEO,geocentric,low-earth,,,,,,50.0,,10.0,,,,,,5eb0e4c3b6c3bb0006eeb20c
"{'capsule': None, 'mass_returned_kg': None, 'mass_returned_lbs': None, 'flight_time_sec': None, 'manifest': None, 'water_landing': None, 'land_landing': None}",Inmarsat-5 F4,Satellite,False,5eb87d01ffd86e000604b351,['Inmarsat'],[42698],['United Kingdom'],['Boeing'],6070.0,13380.0,GTO,geocentric,geostationary,117.0,42165.411,2.77e-05,35786.108,35788.444,0.0109,1436.132,15.0,2022-11-30T11:03:42.000Z,1.00269364,330.4951,262.8868,58.3723,5eb0e4c3b6c3bb0006eeb20d
"{'capsule': '5e9e2c5bf3591880643b2669', 'mass_returned_kg': 1900, 'mass_returned_lbs': 4100, 'flight_time_sec': 2559840, 'manifest': 'https://www.nasa.gov/sites/default/files/atoms/files/spacex_crs-11_mission_overview.pdf', 'water_landing': True, 'land_landing': False}",CRS-11,Dragon 1.1,True,5eb87d03ffd86e000604b352,['NASA (CRS)'],[42744],['United States'],['SpaceX'],2708.0,5970.0,ISS,geocentric,low-earth,,6657.963,0.0113366,204.35,355.307,51.639,90.109,,2017-06-03T23:01:19.000Z,15.9805087,104.5218,45.1464,62.5836,5eb0e4c4b6c3bb0006eeb20e
"{'capsule': None, 'mass_returned_kg': None, 'mass_returned_lbs': None, 'flight_time_sec': None, 'manifest': None, 'water_landing': None, 'land_landing': None}",BulgariaSat-1,Satellite,False,5eb87d04ffd86e000604b353,['Bulgaria Sat'],[42801],['Bulgaria'],['SSL'],3669.0,8089.0,GTO,geocentric,geostationary,1.9,42164.342,0.0002743,35774.642,35797.773,0.0438,1436.077,15.0,2022-11-30T07:21:25.000Z,1.00273175,95.5686,157.1609,288.7158,5eb0e4c4b6c3bb0006eeb20f
"{'capsule': None, 'mass_returned_kg': None, 'mass_returned_lbs': None, 'flight_time_sec': None, 'manifest': None, 'water_landing': None, 'land_landing': None}",Iridium NEXT 2,Satellite,False,5eb87d05ffd86e000604b354,['Iridium Communications'],"[42803, 42804, 42805, 42806, 42807, 42808, 42809, 42805, 42810, 42811]",['United States'],['Thales Alenia Space'],9600.0,21164.0,PO,geocentric,low-earth,,7155.807,0.0001809,776.377,778.966,86.3966,100.403,15.0,2022-11-30T11:25:43.000Z,14.34216935,143.2313,87.3056,272.8347,5eb0e4c4b6c3bb0006eeb210
"{'capsule': None, 'mass_returned_kg': None, 'mass_returned_lbs': None, 'flight_time_sec': None, 'manifest': None, 'water_landing': None, 'land_landing': None}",Intelsat 35e,Satellite,False,5eb87d06ffd86e000604b355,['Intelsat'],[42818],['United States'],['Boeing'],6761.0,14905.45,GTO,geocentric,geosynchronous,-34.5,42165.663,0.0001527,35781.09,35793.967,0.0173,1436.144,15.0,2022-11-29T10:31:42.000Z,1.00268463,339.4372,267.6575,304.6322,5eb0e4c4b6c3bb0006eeb211
"{'capsule': '5e9e2c5cf3591869b63b2670', 'mass_returned_kg': 1724, 'mass_returned_lbs': 3800, 'flight_time_sec': 2842920, 'manifest': 'https://www.nasa.gov/sites/default/files/atoms/files/spacex_crs-12_missionoverview.pdf', 'water_landing': True, 'land_landing': False}",CRS-12,Dragon 1.1,False,5eb87d07ffd86e000604b356,['NASA (CRS)'],[42904],['United States'],['SpaceX'],2910.0,6415.5,ISS,geocentric,low-earth,,6658.399,0.0116656,202.59,357.938,51.6336,90.118,,2017-08-14T16:54:33.000Z,15.97894031,106.677,47.0303,58.0005,5eb0e4c4b6c3bb0006eeb212
"{'capsule': None, 'mass_returned_kg': None, 'mass_returned_lbs': None, 'flight_time_sec': None, 'manifest': None, 'water_landing': None, 'land_landing': None}",FormoSat-5,Satellite,False,5eb87d08ffd86e000604b357,['NSPO (Taiwan)'],[42920],['Taiwan'],['NSPO'],475.0,1047.0,SSO,geocentric,sun-synchronous,,7101.181,0.0012218,714.369,731.722,98.342,99.256,5.0,2022-11-30T12:00:36.000Z,14.50797904,48.8508,99.2606,260.9974,5eb0e4c4b6c3bb0006eeb213
"{'capsule': None, 'mass_returned_kg': None, 'mass_returned_lbs': None, 'flight_time_sec': None, 'manifest': None, 'water_landing': None, 'land_landing': None}",X-37B OTV-5,Satellite,False,5eb87d09ffd86e000604b358,['USAF'],[],['United States'],['Boeing Defense'],4990.0,11001.0,LEO,geocentric,low-earth,,,,,,54.0,,,,,,,,5eb0e4c5b6c3bb0006eeb214
"{'capsule': None, 'mass_returned_kg': None, 'mass_returned_lbs': None, 'flight_time_sec': None, 'manifest': None, 'water_landing': None, 'land_landing': None}",Iridium NEXT 3,Satellite,False,5eb87d0affd86e000604b359,['Iridium Communications'],"[42955, 42956, 42957, 42958, 42959, 42960, 42961, 42962, 42963, 42964]",['United States'],['Thales Alenia Space'],9600.0,21164.4,PO,geocentric,low-earth,,7155.803,0.0001837,776.354,778.983,86.4014,100.403,15.0,2022-11-30T09:45:59.000Z,14.34217999,206.3155,78.6025,281.5377,5eb0e4c5b6c3bb0006eeb215
"{'capsule': None, 'mass_returned_kg': None, 'mass_returned_lbs': None, 'flight_time_sec': None, 'manifest': None, 'water_landing': None, 'land_landing': None}",SES-11 / Echostar 105,Satellite,False,5eb87d0cffd86e000604b35a,"['SES', 'Echostar']",[42967],['United States'],['Airbus Defence and Space'],5200.0,11464.0,GTO,geocentric,geostationary,-105.0,42164.822,0.0002761,35775.046,35798.329,0.0089,1436.102,15.0,2022-11-30T10:17:38.000Z,1.00271463,6.6583,246.2111,225.8975,5eb0e4c5b6c3bb0006eeb216
"{'capsule': None, 'mass_returned_kg': None, 'mass_returned_lbs': None, 'flight_time_sec': None, 'manifest': None, 'water_landing': None, 'land_landing': None}",KoreaSat 5A,Satellite,False,5eb87d0dffd86e000604b35b,['KT Corporation'],[42984],['South Korea'],['Thales Alenia Space'],3700.0,8157.104,GTO,geocentric,geostationary,113.0,42165.145,0.0001695,35779.863,35794.157,0.0348,1436.118,15.0,2022-11-30T13:26:23.000Z,1.00270312,87.7246,144.2096,152.2342,5eb0e4c5b6c3bb0006eeb217
"{'capsule': '5e9e2c5cf359188bfb3b266b', 'mass_returned_kg': 1859.7, 'mass_returned_lbs': 4100, 'flight_time_sec': 2375340, 'manifest': 'https://www.nasa.gov/sites/default/files/atoms/files/spacex_crs-13_mision_overview_low_res8.pdf', 'water_landing': True, 'land_landing': False}",CRS-13,Dragon 1.1,True,5eb87d0effd86e000604b35c,['NASA (CRS)'],[43060],['United States'],['SpaceX'],2205.0,4861.2,ISS,geocentric,low-earth,,6657.799,0.0114283,203.576,355.751,51.6387,90.106,,2017-12-15T16:01:04.000Z,15.98110186,213.9231,45.5617,67.7217,5eb0e4c5b6c3bb0006eeb218
"{'capsule': None, 'mass_returned_kg': None, 'mass_returned_lbs': None, 'flight_time_sec': None, 'manifest': None, 'water_landing': None, 'land_landing': None}",Iridium NEXT 4,Satellite,False,5eb87d0fffd86e000604b35d,['Iridium Communications'],"[43070, 43071, 43072, 43073, 43074, 43075, 43076, 43077, 43078, 43079]",['United States'],['Thales Alenia Space'],9600.0,21164.38,PO,geocentric,low-earth,,7155.804,0.0002177,776.111,779.226,86.396,100.403,15.0,2022-11-30T10:58:18.000Z,14.34217935,143.161,96.2631,263.8813,5eb0e4c6b6c3bb0006eeb219
"{'capsule': None, 'mass_returned_kg': None, 'mass_returned_lbs': None, 'flight_time_sec': None, 'manifest': None, 'water_landing': None, 'land_landing': None}",ZUMA,Satellite,False,5eb87d10ffd86e000604b35e,['Northrop Grumman'],[],['United States'],['Northrop Grumman'],,,LEO,geocentric,low-earth,,,,,,51.0,,,,,,,,5eb0e4c6b6c3bb0006eeb21a
"{'capsule': None, 'mass_returned_kg': None, 'mass_returned_lbs': None, 'flight_time_sec': None, 'manifest': None, 'water_landing': None, 'land_landing': None}",GovSat-1,Satellite,False,5eb87d11ffd86e000604b35f,['GovSat'],[43178],['Luxembourg'],['Orbital ATK'],4230.0,9325.6,GTO,geocentric,geostationary,21.5,,,,,,,15.0,,,,,,5eb0e4c6b6c3bb0006eeb21b
"{'capsule': None, 'mass_returned_kg': None, 'mass_returned_lbs': None, 'flight_time_sec': None, 'manifest': None, 'water_landing': None, 'land_landing': None}",Tesla Roadster,Satellite,False,5eb87d13ffd86e000604b360,['SpaceX'],[43205],['United States'],['Tesla'],1350.0,2976.2,HCO,heliocentric,,,9943.766,0.3404246,180.528,6950.733,29.0185,164.469,3500000.0,2018-02-06T22:36:19.000Z,8.75540848,287.358,180.027,180.584,5eb0e4c6b6c3bb0006eeb21c
"{'capsule': None, 'mass_returned_kg': None, 'mass_returned_lbs': None, 'flight_time_sec': None, 'manifest': None, 'water_landing': None, 'land_landing': None}",Paz,Satellite,False,5eb87d14ffd86e000604b361,['HisdeSAT'],[43215],['Spain'],['Airbus Defence and Space'],1350.0,2976.2,SSO,geocentric,sun-synchronous,,6886.499,0.0001616,507.251,509.477,97.4442,94.789,15.0,2022-11-30T11:51:37.000Z,15.19165308,339.4674,85.8816,66.6867,5eb0e4c6b6c3bb0006eeb21d
"{'capsule': None, 'mass_returned_kg': None, 'mass_returned_lbs': None, 'flight_time_sec': None, 'manifest': None, 'water_landing': None, 'land_landing': None}",Tintin A & B,Satellite,False,5eb87d14ffd86e000604b361,['SpaceX'],"[43216, 43217]",['United States'],['SpaceX'],800.0,1763.7,SSO,geocentric,low-earth,,6543.402,0.0015282,155.268,175.267,97.4245,87.794,1.0,2020-08-29T07:40:05.000Z,16.40201759,260.1382,265.467,95.5903,5eb0e4c6b6c3bb0006eeb21e
"{'capsule': None, 'mass_returned_kg': None, 'mass_returned_lbs': None, 'flight_time_sec': None, 'manifest': None, 'water_landing': None, 'land_landing': None}",Hispasat 30W-6,Satellite,False,5eb87d15ffd86e000604b362,['Hispasat'],[43228],['Spain'],['SSL'],6092.0,13430.6,GTO,geocentric,geostationary,-30.0,42164.846,0.0002717,35775.255,35798.167,0.0465,1436.103,15.0,2022-11-30T08:55:33.000Z,1.00271379,43.4242,225.4151,264.3019,5eb0e4c7b6c3bb0006eeb21f
"{'capsule': None, 'mass_returned_kg': None, 'mass_returned_lbs': None, 'flight_time_sec': None, 'manifest': None, 'water_landing': None, 'land_landing': None}",Iridium NEXT 5,Satellite,False,5eb87d16ffd86e000604b363,['Iridium Communications'],"[43249, 43250, 43251, 43252, 43253, 43254, 43255, 43256, 43257, 43258]",['United States'],['Thales Alenia Space'],9600.0,21164.38,PO,geocentric,low-earth,,7155.795,0.0001902,776.299,779.021,86.395,100.403,15.0,2022-11-30T07:50:42.000Z,14.34220443,111.6089,101.1423,258.9986,5eb0e4c7b6c3bb0006eeb220
"{'capsule': '5e9e2c5cf3591885d43b266d', 'mass_returned_kg': 1743, 'mass_returned_lbs': 3843, 'flight_time_sec': 3862140, 'manifest': 'https://www.nasa.gov/sites/default/files/atoms/files/spacex_crs-14_mision_overview_high_res.pdf', 'water_landing': True, 'land_landing': False}",CRS-14,Dragon 1.1,True,5eb87d16ffd86e000604b364,['NASA (CRS)'],[43267],['United States'],['SpaceX'],2760.0,6084.7,ISS,geocentric,low-earth,,6658.324,0.011476,203.778,356.6,51.6437,90.117,,2018-04-02T20:54:48.000Z,15.97921108,34.3281,48.6187,62.8495,5eb0e4c7b6c3bb0006eeb221
"{'capsule': None, 'mass_returned_kg': None, 'mass_returned_lbs': None, 'flight_time_sec': None, 'manifest': None, 'water_landing': None, 'land_landing': None}",TESS,Satellite,False,5eb87d18ffd86e000604b365,['NASA'],[43435],['United States'],['Orbital ATK'],350.0,772.0,HEO,highly-elliptical,high-earth,,248306.42,0.5025932,117131.167,366725.403,32.6631,20523.038,10.0,2022-11-13T02:03:51.000Z,0.07016505,79.8977,174.9798,5.7045,5eb0e4c7b6c3bb0006eeb222
"{'capsule': None, 'mass_returned_kg': None, 'mass_returned_lbs': None, 'flight_time_sec': None, 'manifest': None, 'water_landing': None, 'land_landing': None}",Bangabandhu-1,Satellite,False,5eb87d19ffd86e000604b366,['Bangladesh Gov'],[43463],['Bangladesh'],['Thales Alenia Space'],3750.0,8270.0,GTO,geocentric,geostationary,119.1,42165.459,0.0002447,35777.007,35797.642,0.0171,1436.134,15.0,2022-11-30T13:40:58.000Z,1.0026919,293.504,313.0833,147.1721,5eb0e4c7b6c3bb0006eeb223
"{'capsule': None, 'mass_returned_kg': None, 'mass_returned_lbs': None, 'flight_time_sec': None, 'manifest': None, 'water_landing': None, 'land_landing': None}",Iridium NEXT 6,Satellite,False,5eb87d1affd86e000604b367,['Iridium Communications'],"[43478, 43479, 43480, 43481, 43482]",['United States'],['Thales Alenia Space'],4300.0,9479.9,PO,geocentric,low-earth,,7125.831,0.0001835,746.388,749.004,86.4486,99.773,15.0,2022-11-30T06:38:48.000Z,14.43276342,269.5789,87.4192,272.7219,5eb0e4c7b6c3bb0006eeb224
"{'capsule': None, 'mass_returned_kg': None, 'mass_returned_lbs': None, 'flight_time_sec': None, 'manifest': None, 'water_landing': None, 'land_landing': None}",GRACE-FO 1-2,Satellite,False,5eb87d1affd86e000604b367,"['NASA', 'DLR']","[43476, 43477]",[],[],1160.0,2557.4,PO,geocentric,sun-synchronous,,6870.047,0.0017244,480.066,503.759,88.9912,94.449,5.0,2022-11-30T13:40:14.000Z,15.24625437,16.0251,80.3309,279.9886,5eb0e4c8b6c3bb0006eeb225
"{'capsule': None, 'mass_returned_kg': None, 'mass_returned_lbs': None, 'flight_time_sec': None, 'manifest': None, 'water_landing': None, 'land_landing': None}",SES-12,Satellite,False,5eb87d1bffd86e000604b368,['SES'],[43488],['Luxembourg'],['Airbus Defence and Space'],5383.85,11869.4,GTO,geocentric,geostationary,95.0,42165.301,0.0002422,35776.954,35797.379,0.0409,1436.126,15.0,2022-11-30T11:14:45.000Z,1.00269754,72.4353,188.7309,71.846,5eb0e4c8b6c3bb0006eeb226
"{'capsule': '5e9e2c5cf359183bb73b266e', 'mass_returned_kg': 1700, 'mass_returned_lbs': 3747.9, 'flight_time_sec': 3069300, 'manifest': 'https://www.nasa.gov/sites/default/files/atoms/files/spacex_crs-15_mision_overview_rev2_high_res7.pdf', 'water_landing': True, 'land_landing': False}",CRS-15,Dragon 1.1,True,5eb87d1cffd86e000604b369,['NASA (CRS)'],[43522],['United States'],['SpaceX'],2410.0,5313.0,ISS,geocentric,low-earth,,6685.069,0.0119429,227.094,386.773,51.6352,90.66,,2018-06-29T11:28:11.000Z,15.88341598,317.9412,52.1513,25.5794,5eb0e4c8b6c3bb0006eeb227
"{'capsule': None, 'mass_returned_kg': None, 'mass_returned_lbs': None, 'flight_time_sec': None, 'manifest': None, 'water_landing': None, 'land_landing': None}",Telstar 19V,Satellite,False,5eb87d1effd86e000604b36a,['Telesat'],[43562],['Canada'],['SSL'],7076.0,15600.0,GTO,geocentric,geostationary,-65.0,42165.115,0.0002293,35777.311,35796.648,0.0311,1436.116,15.0,2022-11-30T12:49:59.000Z,1.0027042,182.188,3.4438,13.2586,5eb0e4c8b6c3bb0006eeb228
"{'capsule': None, 'mass_returned_kg': None, 'mass_returned_lbs': None, 'flight_time_sec': None, 'manifest': None, 'water_landing': None, 'land_landing': None}",Iridium NEXT 7,Satellite,False,5eb87d1fffd86e000604b36b,['Iridium Communications'],"[43569, 43570, 43571, 43572, 43573, 43574, 43575, 43576, 43577, 43578]",['United States'],['Thales Alenia Space'],9600.0,21164.38,PO,geocentric,low-earth,,7155.79,0.0002295,776.012,779.297,86.4,100.403,15.0,2022-11-30T10:27:26.000Z,14.34222132,237.793,81.4074,278.7382,5eb0e4c9b6c3bb0006eeb229
"{'capsule': None, 'mass_returned_kg': None, 'mass_returned_lbs': None, 'flight_time_sec': None, 'manifest': None, 'water_landing': None, 'land_landing': None}",Telkom-4,Satellite,False,5eb87d20ffd86e000604b36c,['Telkom'],[43587],['Indonesia'],['SSL'],5800.0,12786.81,GTO,geocentric,geostationary,-108.0,42165.283,0.0001174,35782.198,35792.099,0.0153,1436.125,15.0,2022-11-30T14:38:43.000Z,1.00269818,12.1327,245.4762,139.5431,5eb0e4c9b6c3bb0006eeb22a
"{'capsule': None, 'mass_returned_kg': None, 'mass_returned_lbs': None, 'flight_time_sec': None, 'manifest': None, 'water_landing': None, 'land_landing': None}",Telstar 18V,Satellite,False,5eb87d22ffd86e000604b36d,['Telesat'],[43611],['Canada'],['SSL'],7060.0,15564.64,GTO,geocentric,geostationary,138.0,42165.23,0.0001866,35779.227,35794.963,0.0183,1436.122,15.0,2022-11-30T12:02:42.000Z,1.00270007,331.1443,266.8977,150.0027,5eb0e4c9b6c3bb0006eeb22b
"{'capsule': None, 'mass_returned_kg': None, 'mass_returned_lbs': None, 'flight_time_sec': None, 'manifest': None, 'water_landing': None, 'land_landing': None}",SAOCOM 1A,Satellite,False,5eb87d23ffd86e000604b36e,['CONAE'],[43641],['Argentina'],['INVAP'],2800.0,6172.94,SSO,geocentric,sun-synchronous,,7000.668,0.0001286,621.633,623.434,97.885,97.156,5.0,2022-11-30T11:40:14.000Z,14.82154628,158.8195,85.9131,274.2238,5eb0e4c9b6c3bb0006eeb22c
"{'capsule': None, 'mass_returned_kg': None, 'mass_returned_lbs': None, 'flight_time_sec': None, 'manifest': None, 'water_landing': None, 'land_landing': None}",Es’hail 2,Satellite,False,5eb87d24ffd86e000604b36f,['Es’hailSat'],[43700],['Qatar'],['Mitsubishi Electric'],3000.0,6613.868,GTO,geocentric,geostationary,25.5,42164.815,0.0001132,35781.907,35791.453,0.0141,1436.101,15.0,2022-11-30T07:28:19.000Z,1.00271489,295.5537,335.7816,295.722,5eb0e4c9b6c3bb0006eeb22d
"{'capsule': None, 'mass_returned_kg': None, 'mass_returned_lbs': None, 'flight_time_sec': None, 'manifest': None, 'water_landing': None, 'land_landing': None}",SSO-A,Satellite,False,5eb87d25ffd86e000604b370,"['Spaceflight Industries, Inc']","[43775, 43776, 43774, 43763, 43760, 43759]",['United States'],"['Spaceflight Industries, Inc']",4000.0,8818.49,SSO,geocentric,sun-synchronous,,6955.623,0.001559,566.644,588.332,97.602,96.22,,2022-11-30T03:44:04.000Z,14.9657577,36.0888,73.2607,287.0324,5eb0e4c9b6c3bb0006eeb22e
"{'capsule': '5e9e2c5cf359185d753b266f', 'mass_returned_kg': 2500, 'mass_returned_lbs': 5512, 'flight_time_sec': 3408840, 'manifest': 'https://www.nasa.gov/sites/default/files/atoms/files/spacex_crs-16_mision_overview_high_res_rev2.pdf', 'water_landing': True, 'land_landing': False}",CRS-16,Dragon 1.1,True,5eb87d26ffd86e000604b371,['NASA (CRS)'],[43827],['United States'],['SpaceX'],2573.0,5672.494,ISS,geocentric,low-earth,,6783.903,0.0002416,404.129,407.407,51.6425,92.678,,2019-01-13T14:04:57.000Z,15.53757701,50.2106,284.1251,212.8292,5eb0e4cab6c3bb0006eeb22f
"{'capsule': None, 'mass_returned_kg': None, 'mass_returned_lbs': None, 'flight_time_sec': None, 'manifest': None, 'water_landing': None, 'land_landing': None}",GPS III SV01,Satellite,False,5eb87d27ffd86e000604b372,['USAF'],[43873],['United States'],['Lockheed Martin'],4400.0,9700.34,MEO,geocentric,semi-synchronous,,26560.992,0.0022139,20124.053,20241.66,55.1231,718.003,15.0,2022-11-30T04:44:42.000Z,2.00556313,143.3511,187.4588,169.3968,5eb0e4cab6c3bb0006eeb230
"{'capsule': None, 'mass_returned_kg': None, 'mass_returned_lbs': None, 'flight_time_sec': None, 'manifest': None, 'water_landing': None, 'land_landing': None}",Iridium NEXT 8,Satellite,False,5eb87d28ffd86e000604b373,['Iridium Communications'],"[43922, 43923, 43924, 43925, 43926, 43927, 43928, 43929, 43930, 43931]",['United States'],['Thales Alenia Space'],9600.0,21164.38,PO,geocentric,low-earth,,7155.797,0.0002492,775.879,779.445,86.3993,100.403,15.0,2022-11-30T02:13:30.000Z,14.34219972,174.8527,87.0871,273.061,5eb0e4cab6c3bb0006eeb231
"{'capsule': None, 'mass_returned_kg': None, 'mass_returned_lbs': None, 'flight_time_sec': None, 'manifest': None, 'water_landing': None, 'land_landing': None}",Nusantara Satu (PSN-6),Satellite,False,5eb87d2affd86e000604b374,['Pasifik Satelit Nusantara'],[44048],['Indonesia'],['SSL'],5000.0,11023.11,GTO,geocentric,geostationary,146.0,42165.211,0.000191,35779.023,35795.13,0.0138,1436.121,15.0,2022-11-30T07:22:42.000Z,1.00270075,314.7645,289.0212,82.0756,5eb0e4cab6c3bb0006eeb232
"{'capsule': None, 'mass_returned_kg': None, 'mass_returned_lbs': None, 'flight_time_sec': None, 'manifest': None, 'water_landing': None, 'land_landing': None}",S5,Satellite,False,5eb87d2affd86e000604b374,['Air Force Research Laboratory'],[],['United States'],['Applied Defense Systems'],60.0,132.28,GTO,geocentric,geostationary,,,,,,,,,,,,,,5eb0e4cab6c3bb0006eeb233
"{'capsule': None, 'mass_returned_kg': None, 'mass_returned_lbs': None, 'flight_time_sec': None, 'manifest': None, 'water_landing': None, 'land_landing': None}",Beresheet,Lander,False,5eb87d2affd86e000604b374,['SpaceIL'],[44049],['Israel'],['SSL'],585.0,1289.7,GTO,geocentric,highly-elliptical,,210769.268,0.9637541,1261.386,407520.879,25.0088,16049.838,0.00547945,2019-03-20T20:30:00.000Z,0.08972053,10.5463,181.7585,43.0154,5eb0e4cab6c3bb0006eeb234
"{'capsule': '5e9e2c5df35918b1063b2671', 'mass_returned_kg': None, 'mass_returned_lbs': None, 'flight_time_sec': 539765, 'manifest': None, 'water_landing': True, 'land_landing': False}",CCtCap Demo Mission 1,Crew Dragon,False,5eb87d2bffd86e000604b375,['NASA (CCtCap)'],[44063],['United States'],['SpaceX'],12259.0,27026.47,ISS,geocentric,low-earth,,6781.274,0.0012936,394.367,411.911,51.6381,92.624,,2019-03-08T08:52:08.000Z,15.54661212,142.4692,169.6921,292.6127,5eb0e4cbb6c3bb0006eeb235
"{'capsule': None, 'mass_returned_kg': None, 'mass_returned_lbs': None, 'flight_time_sec': None, 'manifest': None, 'water_landing': None, 'land_landing': None}",ArabSat 6A,Satellite,False,5eb87d2dffd86e000604b376,['Arabsat'],[44186],['Saudi Arabia'],['Lockheed Martin'],6000.0,13227.74,GTO,geocentric,geostationary,30.5,42164.927,0.0007362,35755.75,35817.834,0.0385,1436.107,15.0,2022-11-30T10:56:03.000Z,1.0027109,337.2445,288.5399,358.0535,5eb0e4cbb6c3bb0006eeb236
"{'capsule': '5e9e2c5cf3591869b63b2670', 'mass_returned_kg': 1905.1, 'mass_returned_lbs': 4200, 'flight_time_sec': 2592000, 'manifest': 'https://www.nasa.gov/sites/default/files/atoms/files/spacex_crs-17_mission_overview.pdf', 'water_landing': True, 'land_landing': False}",CRS-17,Dragon 1.1,True,5eb87d2effd86e000604b377,['NASA (CRS)'],[44222],['United States'],['SpaceX'],2482.0,5472.0,ISS,geocentric,low-earth,,6784.509,0.0015208,396.056,416.692,51.6386,92.69,,2019-06-03T18:56:35.000Z,15.53549418,67.8039,3.7579,111.5799,5eb0e4cbb6c3bb0006eeb237
"{'capsule': None, 'mass_returned_kg': None, 'mass_returned_lbs': None, 'flight_time_sec': None, 'manifest': None, 'water_landing': None, 'land_landing': None}",Starlink v0.9,Satellite,False,5eb87d30ffd86e000604b378,['SpaceX'],"[44235, 44236, 44237, 44238, 44239, 44240, 44241, 44242, 44243, 44244, 44245, 44246, 44247, 44248, 44249, 44250, 44251, 44252, 44253, 44254, 44255, 44256, 44257, 44258, 44259, 44260, 44261, 44262, 44263, 44264, 44265, 44266, 44267, 44268, 44269, 44270, 44271, 44272, 44273, 44274, 44275, 44276, 44277, 44278, 44279, 44280, 44281, 44282, 44283, 44284, 44285, 44286, 44287, 44288, 44289, 44290, 44291, 44292, 44293, 44294]",['United States'],['SpaceX'],13200.0,29101.0,VLEO,geocentric,very-low-earth,,6525.788,0.0009041,141.753,153.553,52.9736,87.439,,2020-10-01T07:31:19.000Z,16.46847225,36.3928,295.9879,160.3065,5eb0e4cbb6c3bb0006eeb238
"{'capsule': None, 'mass_returned_kg': None, 'mass_returned_lbs': None, 'flight_time_sec': None, 'manifest': None, 'water_landing': None, 'land_landing': None}",RADARSAT Constellation,Satellite,False,5eb87d31ffd86e000604b379,['CSA'],"[44322, 44323, 44324]",['Canada'],['Maxar Technologies'],1425.0,3141.59,SSO,geocentric,sun-synchronous,,6967.995,0.0001552,588.779,590.941,97.7591,96.476,,2022-11-30T13:00:46.000Z,14.92591694,339.4935,79.4744,280.6618,5eb0e4ccb6c3bb0006eeb239
"{'capsule': None, 'mass_returned_kg': None, 'mass_returned_lbs': None, 'flight_time_sec': None, 'manifest': None, 'water_landing': None, 'land_landing': None}",DSX,Satellite,False,5eb87d35ffd86e000604b37a,['USAF'],[44344],['United States'],['Sierra Nevada Corporation'],600.0,1322.77,MEO,geocentric,medium-earth,,15397.842,0.1976264,5976.687,12062.727,42.2432,316.92,,2022-11-29T16:26:11.000Z,4.54373472,104.7123,178.7552,181.8684,5eb0e4ccb6c3bb0006eeb23a
"{'capsule': None, 'mass_returned_kg': None, 'mass_returned_lbs': None, 'flight_time_sec': None, 'manifest': None, 'water_landing': None, 'land_landing': None}",COSMIC-2,Satellite,False,5eb87d35ffd86e000604b37a,"['NOAA', 'NASA', 'Taiwan']",[],['United States'],['National Space Organization'],1668.0,3677.3,LEO,geocentric,low-earth,,,,,,,,,,,,,,5eb0e4ccb6c3bb0006eeb23b
"{'capsule': None, 'mass_returned_kg': None, 'mass_returned_lbs': None, 'flight_time_sec': None, 'manifest': None, 'water_landing': None, 'land_landing': None}",GPIM,Satellite,False,5eb87d35ffd86e000604b37a,['NASA'],[],['United States'],['Ball Aerospace & Technologies Corp'],180.0,396.0,LEO,geocentric,low-earth,,,,,,,,,,,,,,5eb0e4ccb6c3bb0006eeb23c
"{'capsule': None, 'mass_returned_kg': None, 'mass_returned_lbs': None, 'flight_time_sec': None, 'manifest': None, 'water_landing': None, 'land_landing': None}",Oculus-ASR,Satellite,False,5eb87d35ffd86e000604b37a,['Michigan Tech'],[44356],['United States'],['Michigan Tech'],70.0,154.0,LEO,geocentric,low-earth,,6569.509,0.0008789,185.6,197.148,28.4976,88.32,,2021-03-08T16:58:30.000Z,16.30434726,281.2609,191.386,168.6564,5eb0e4ccb6c3bb0006eeb23d
"{'capsule': None, 'mass_returned_kg': None, 'mass_returned_lbs': None, 'flight_time_sec': None, 'manifest': None, 'water_landing': None, 'land_landing': None}",OTB 1,Satellite,False,5eb87d35ffd86e000604b37a,['General Atomics'],[44341],['United States'],['Surrey Satellite Technology-US LLC'],138.0,304.0,LEO,geocentric,low-earth,,7093.305,0.0011685,706.882,723.459,23.9971,99.091,,2022-11-30T09:53:30.000Z,14.53214682,234.3467,213.5353,146.4399,5eb0e4ccb6c3bb0006eeb23e
"{'capsule': None, 'mass_returned_kg': None, 'mass_returned_lbs': None, 'flight_time_sec': None, 'manifest': None, 'water_landing': None, 'land_landing': None}",NPSAT 1,Satellite,False,5eb87d35ffd86e000604b37a,['Naval Postgrad School'],[44340],['United States'],['Naval Postgrad School'],86.0,189.0,LEO,geocentric,low-earth,,7088.392,0.0010748,702.638,717.876,24.0005,98.988,,2022-11-30T10:14:08.000Z,14.54725913,231.6271,217.0671,142.9079,5eb0e4cdb6c3bb0006eeb23f
"{'capsule': None, 'mass_returned_kg': None, 'mass_returned_lbs': None, 'flight_time_sec': None, 'manifest': None, 'water_landing': None, 'land_landing': None}",Prox-1,Satellite,False,5eb87d35ffd86e000604b37a,['Georgia Tech'],[44339],['United States'],['Georgia Tech'],71.0,156.0,LEO,geocentric,low-earth,,7083.51,0.0010566,697.89,712.859,23.9997,98.885,,2022-11-30T09:05:20.000Z,14.56230223,225.18,234.7421,125.2082,5eb0e4cdb6c3bb0006eeb240
"{'capsule': None, 'mass_returned_kg': None, 'mass_returned_lbs': None, 'flight_time_sec': None, 'manifest': None, 'water_landing': None, 'land_landing': None}",LightSail-B,Satellite,False,5eb87d35ffd86e000604b37a,['Planetary Society'],[44339],['United States'],['Planetary Society'],5.0,11.0,LEO,geocentric,low-earth,,7083.51,0.0010566,697.89,712.859,23.9997,98.885,,2022-11-30T09:05:20.000Z,14.56230223,225.18,234.7421,125.2082,5eb0e4cdb6c3bb0006eeb241
"{'capsule': None, 'mass_returned_kg': None, 'mass_returned_lbs': None, 'flight_time_sec': None, 'manifest': None, 'water_landing': None, 'land_landing': None}",ARMADILLO,Satellite,False,5eb87d35ffd86e000604b37a,['University of Texas'],[],['United States'],['University of Texas'],4.0,8.8,LEO,geocentric,low-earth,,,,,,,,,,,,,,5eb0e4cdb6c3bb0006eeb242
"{'capsule': None, 'mass_returned_kg': None, 'mass_returned_lbs': None, 'flight_time_sec': None, 'manifest': None, 'water_landing': None, 'land_landing': None}",FalconSat 7,Satellite,False,5eb87d35ffd86e000604b37a,['USAF Academy'],[],['United States'],['USAF Academy'],5.0,11.0,LEO,geocentric,low-earth,,,,,,,,,,,,,,5eb0e4cdb6c3bb0006eeb243
"{'capsule': None, 'mass_returned_kg': None, 'mass_returned_lbs': None, 'flight_time_sec': None, 'manifest': None, 'water_landing': None, 'land_landing': None}",E-TBEx A & B,Satellite,False,5eb87d35ffd86e000604b37a,['SRI International'],[],['United States'],['SRI International'],4.0,8.8,LEO,geocentric,low-earth,,,,,,,,,,,,,,5eb0e4cdb6c3bb0006eeb244
"{'capsule': None, 'mass_returned_kg': None, 'mass_returned_lbs': None, 'flight_time_sec': None, 'manifest': None, 'water_landing': None, 'land_landing': None}",PSat 2,Satellite,False,5eb87d35ffd86e000604b37a,['US Naval Academy'],[44357],['United States'],['US Naval Academy'],2.0,4.4,LEO,geocentric,low-earth,,6733.357,0.0134398,264.727,445.717,28.5119,91.645,,2022-11-30T13:06:03.000Z,15.71286072,81.0654,86.3337,275.2629,5eb0e4cdb6c3bb0006eeb245
"{'capsule': None, 'mass_returned_kg': None, 'mass_returned_lbs': None, 'flight_time_sec': None, 'manifest': None, 'water_landing': None, 'land_landing': None}",BRICSat 2,Satellite,False,5eb87d35ffd86e000604b37a,['US Naval Academy'],[],['United States'],['US Naval Academy'],1.0,2.2,LEO,geocentric,low-earth,,,,,,,,,,,,,,5eb0e4ceb6c3bb0006eeb246
"{'capsule': None, 'mass_returned_kg': None, 'mass_returned_lbs': None, 'flight_time_sec': None, 'manifest': None, 'water_landing': None, 'land_landing': None}",TEPCE 1 & 2,Satellite,False,5eb87d35ffd86e000604b37a,['Naval Research Lab'],[],['United States'],['Naval Research Lab'],1.5,3.3,LEO,geocentric,low-earth,,,,,,,,,,,,,,5eb0e4ceb6c3bb0006eeb247
"{'capsule': None, 'mass_returned_kg': None, 'mass_returned_lbs': None, 'flight_time_sec': None, 'manifest': None, 'water_landing': None, 'land_landing': None}",CP9,Satellite,False,5eb87d35ffd86e000604b37a,['Cal Poly'],[],['United States'],['Cal Poly'],1.5,3.3,LEO,geocentric,low-earth,,,,,,,,,,,,,,5eb0e4ceb6c3bb0006eeb248
"{'capsule': None, 'mass_returned_kg': None, 'mass_returned_lbs': None, 'flight_time_sec': None, 'manifest': None, 'water_landing': None, 'land_landing': None}",StangSat,Satellite,False,5eb87d35ffd86e000604b37a,['Merrit Island HS'],[],['United States'],['Merrit Island HS'],1.0,2.2,LEO,geocentric,low-earth,,,,,,,,,,,,,,5eb0e4ceb6c3bb0006eeb249
"{'capsule': '5e9e2c5cf359188bfb3b266b', 'mass_returned_kg': 1224.7, 'mass_returned_lbs': 2700, 'flight_time_sec': 2665020, 'manifest': 'https://www.nasa.gov/sites/default/files/atoms/files/spacex_crs-18_mision_overview_high_res.pdf', 'water_landing': True, 'land_landing': False}",CRS-18,Dragon 1.1,True,5eb87d36ffd86e000604b37b,['NASA (CRS)'],[44446],['United States'],['SpaceX'],2227.7,4911.2,ISS,geocentric,low-earth,,6783.699,0.0012921,396.799,414.329,51.6451,92.674,,2019-08-27T17:12:55.000Z,15.53827763,6.4496,282.6291,225.0377,5eb0e4ceb6c3bb0006eeb24a
"{'capsule': None, 'mass_returned_kg': None, 'mass_returned_lbs': None, 'flight_time_sec': None, 'manifest': None, 'water_landing': None, 'land_landing': None}",Amos-17,Satellite,False,5eb87d37ffd86e000604b37c,['Spacecom'],[],['Israel'],['Boeing Satellite Systems'],6500.0,14330.05,GTO,geocentric,geostationary,17.0,,,,,,,15.0,,,,,,5eb0e4cfb6c3bb0006eeb24b
"{'capsule': None, 'mass_returned_kg': None, 'mass_returned_lbs': None, 'flight_time_sec': None, 'manifest': None, 'water_landing': None, 'land_landing': None}",Starlink-1,Satellite,False,5eb87d39ffd86e000604b37d,['SpaceX'],"[44713, 44714, 44715, 44716, 44717, 44718, 44719, 44720, 44721, 44722, 44723, 44724, 44725, 44726, 44727, 44728, 44729, 44730, 44731, 44732, 44733, 44734, 44735, 44736, 44737, 44738, 44739, 44740, 44741, 44742, 44743, 44744, 44745, 44746, 44747, 44748, 44749, 44750, 44751, 44752, 44753, 44754, 44755, 44756, 44757, 44758, 44759, 44760, 44761, 44762, 44763, 44764, 44765, 44766, 44767, 44768, 44769, 44770, 44771, 44772]",['United States'],['SpaceX'],15600.0,34392.0,VLEO,geocentric,very-low-earth,,6925.351,0.0001744,546.009,548.424,53.0565,95.592,,2022-11-30T11:40:40.000Z,15.06399078,152.107,69.0519,291.0657,5eb0e4cfb6c3bb0006eeb24c
"{'capsule': '5e9e2c5bf3591880643b2669', 'mass_returned_kg': 1633, 'mass_returned_lbs': 3732, 'flight_time_sec': 2577240, 'manifest': 'https://www.nasa.gov/sites/default/files/atoms/files/spacex_crs-19_mission_overview.pdf', 'water_landing': True, 'land_landing': False}",CRS-19,Dragon 1.1,True,5eb87d39ffd86e000604b37e,['NASA (CRS)'],[44821],['United States'],['SpaceX'],5000.0,11023.0,ISS,geocentric,low-earth,,6796.2,0.0005159,414.559,421.571,51.6453,92.93,,2020-01-06T13:22:06.000Z,15.49542542,73.183,105.4393,49.5527,5eb0e4cfb6c3bb0006eeb24d
"{'capsule': None, 'mass_returned_kg': None, 'mass_returned_lbs': None, 'flight_time_sec': None, 'manifest': None, 'water_landing': None, 'land_landing': None}",JCSat 18 / Kacific 1,Satellite,False,5eb87d3bffd86e000604b37f,"['SKY Perfect JSAT Corporation', 'Kacific Broadband Satellites Pte Ltd']",[44868],['Japan'],['Boeing Satellite Systems'],6800.0,14991.43,GTO,geocentric,geostationary,,42165.137,1.22e-05,35786.488,35787.516,0.0446,1436.118,15.0,2022-11-30T13:35:42.000Z,1.0027034,125.0645,63.0107,235.3046,5eb0e4cfb6c3bb0006eeb24e
"{'capsule': None, 'mass_returned_kg': None, 'mass_returned_lbs': None, 'flight_time_sec': None, 'manifest': None, 'water_landing': None, 'land_landing': None}",Starlink-2,Satellite,False,5eb87d3cffd86e000604b380,['SpaceX'],"[44914, 44915, 44916, 44917, 44918, 44919, 44920, 44921, 44922, 44923, 44924, 44925, 44926, 44927, 44928, 44929, 44930, 44931, 44932, 44933, 44934, 44935, 44936, 44937, 44938, 44939, 44940, 44941, 44942, 44943, 44944, 44945, 44946, 44947, 44948, 44949, 44950, 44951, 44952, 44953, 44954, 44955, 44956, 44957, 44958, 44959, 44960, 44961, 44962, 44963, 44964, 44965, 44966, 44967, 44968, 44969, 44970, 44971, 44972, 44973]",['United States'],['SpaceX'],15600.0,34392.0,VLEO,geocentric,very-low-earth,,6925.365,0.0001762,546.01,548.451,53.0563,95.592,,2022-11-30T10:43:39.000Z,15.06394543,312.2737,62.834,297.2829,5eb0e4cfb6c3bb0006eeb24f
"{'capsule': '5e9e2c5df359184c9a3b2672', 'mass_returned_kg': None, 'mass_returned_lbs': None, 'flight_time_sec': None, 'manifest': None, 'water_landing': True, 'land_landing': False}",Crew Dragon In Flight Abort Test,Crew Dragon,False,5eb87d3dffd86e000604b381,['NASA (CCtCap)'],[],['United States'],['SpaceX'],,,SO,geocentric,sub-orbital,,,,,,,,,,,,,,5eb0e4d0b6c3bb0006eeb250
"{'capsule': None, 'mass_returned_kg': None, 'mass_returned_lbs': None, 'flight_time_sec': None, 'manifest': None, 'water_landing': None, 'land_landing': None}",Starlink-3,Satellite,False,5eb87d3fffd86e000604b382,['SpaceX'],"[45044, 45045, 45046, 45047, 45048, 45049, 45050, 45051, 45052, 45053, 45054, 45055, 45056, 45057, 45058, 45059, 45060, 45061, 45062, 45063, 45064, 45065, 45066, 45067, 45068, 45069, 45070, 45071, 45072, 45073, 45074, 45075, 45076, 45077, 45078, 45079, 45080, 45081, 45082, 45083, 45084, 45085, 45086, 45087, 45088, 45089, 45090, 45091, 45092, 45093, 45094, 45095, 45096, 45097, 45098, 45099, 45100, 45101, 45102, 45103]",['United States'],['SpaceX'],15600.0,34392.0,VLEO,geocentric,very-low-earth,,6925.36,0.0001704,546.045,548.405,53.0548,95.592,,2022-11-30T03:33:43.000Z,15.06396244,233.6086,58.6593,301.4563,5eb0e4d0b6c3bb0006eeb251
"{'capsule': None, 'mass_returned_kg': None, 'mass_returned_lbs': None, 'flight_time_sec': None, 'manifest': None, 'water_landing': None, 'land_landing': None}",Starlink-4,Satellite,False,5eb87d41ffd86e000604b383,['SpaceX'],[],['United States'],['SpaceX'],15600.0,34392.0,VLEO,geocentric,very-low-earth,,,,,,,,,,,,,,5eb0e4d0b6c3bb0006eeb252
"{'capsule': '5e9e2c5cf359185d753b266f', 'mass_returned_kg': 1814.4, 'mass_returned_lbs': 4000, 'flight_time_sec': 2508480, 'manifest': 'https://www.nasa.gov/sites/default/files/atoms/files/spacex_crs-20_mission_overview.pdf', 'water_landing': True, 'land_landing': False}",CRS-20,Dragon 1.1,True,5eb87d42ffd86e000604b384,['NASA (CRS)'],[45341],['United States'],['SpaceX'],1977.0,4358.539,ISS,geocentric,low-earth,,6793.753,0.0010224,408.672,422.564,51.6432,92.88,,2020-04-07T15:36:40.000Z,15.50379704,337.5161,31.3734,354.3442,5eb0e4d0b6c3bb0006eeb253
"{'capsule': None, 'mass_returned_kg': None, 'mass_returned_lbs': None, 'flight_time_sec': None, 'manifest': None, 'water_landing': None, 'land_landing': None}",Starlink-5,Satellite,False,5eb87d43ffd86e000604b385,['SpaceX'],"[45178, 45179, 45180, 45181, 45182, 45183, 45184, 45185, 45186, 45187, 45188, 45189, 45190, 45191, 45192, 45193, 45194, 45195, 45196, 45197, 45198, 45199, 45200, 45201, 45202, 45203, 45204, 45205, 45206, 45207, 45208, 45209, 45210, 45211, 45212, 45213, 45214, 45215, 45216, 45217, 45218, 45219, 45220, 45221, 45222, 45223, 45224, 45225, 45226, 45227, 45228, 45229, 45230, 45231, 45232, 45233, 45234, 45235, 45236, 45237]",['United States'],['SpaceX'],15600.0,34392.0,VLEO,geocentric,very-low-earth,,6925.389,0.0001673,546.096,548.413,53.0551,95.593,,2022-11-30T12:11:14.000Z,15.0638675,12.0007,76.2432,283.8743,5eb0e4d0b6c3bb0006eeb254
"{'capsule': None, 'mass_returned_kg': None, 'mass_returned_lbs': None, 'flight_time_sec': None, 'manifest': None, 'water_landing': None, 'land_landing': None}",Starlink-6,Satellite,False,5eb87d44ffd86e000604b386,['SpaceX'],[72000],['United States'],['SpaceX'],15600.0,34392.0,VLEO,geocentric,very-low-earth,,,,,,,,,,,,,,5eb0e4d1b6c3bb0006eeb255
"{'capsule': None, 'mass_returned_kg': None, 'mass_returned_lbs': None, 'flight_time_sec': None, 'manifest': None, 'water_landing': None, 'land_landing': None}",Starlink-7,Satellite,False,5eb87d45ffd86e000604b387,['SpaceX'],"[45657, 45658, 45659, 45660, 45661, 45662, 45663, 45664, 45665, 45666, 45667, 45668, 45669, 45670, 45671, 45672, 45673, 45674, 45675, 45676, 45677, 45678, 45679, 45680, 45681, 45682, 45683, 45684, 45685, 45686, 45687, 45688, 45689, 45690, 45691, 45692, 45693, 45694, 45695, 45696, 45697, 45698, 45699, 45700, 45701, 45702, 45703, 45704, 45705, 45706, 45707, 45708, 45709, 45710, 45711, 45712, 45713, 45714, 45715, 45716]",['United States'],['SpaceX'],15600.0,34392.0,VLEO,geocentric,very-low-earth,,6526.082,0.0028054,129.639,166.255,53.0001,87.445,,2020-07-14T14:23:37.000Z,16.46735707,319.7129,181.2741,293.9291,5eb0e4d1b6c3bb0006eeb256
"{'capsule': '5e9e2c5df359188aba3b2676', 'mass_returned_kg': 150, 'mass_returned_lbs': 330.7, 'flight_time_sec': 5527500, 'manifest': None, 'water_landing': True, 'land_landing': False}",CCtCap Demo Mission 2,Crew Dragon,False,5eb87d46ffd86e000604b388,['NASA (CCtCap)'],[45623],['United States'],['SpaceX'],9525.0,20999.03,ISS,geocentric,low-earth,,6637.784,0.0155448,156.466,362.832,51.6858,89.7,,2020-08-02T11:41:07.000Z,16.05343597,119.2669,11.5318,170.7584,5eb0e4d1b6c3bb0006eeb257
"{'capsule': None, 'mass_returned_kg': None, 'mass_returned_lbs': None, 'flight_time_sec': None, 'manifest': None, 'water_landing': None, 'land_landing': None}",Starlink-8,Satellite,False,5eb87d46ffd86e000604b389,['SpaceX'],"[45730, 45731, 45732, 45733, 45734, 45735, 45736, 45737, 45738, 45739, 45740, 45741, 45742, 45743, 45744, 45745, 45746, 45747, 45748, 45749, 45750, 45751]",['United States'],['SpaceX'],15600.0,34392.0,VLEO,geocentric,very-low-earth,,6925.372,0.0001931,545.9,548.574,53.0533,95.593,,2022-11-30T01:30:19.000Z,15.06392326,203.997,52.2538,307.8625,5eb0e4d1b6c3bb0006eeb258
"{'capsule': None, 'mass_returned_kg': None, 'mass_returned_lbs': None, 'flight_time_sec': None, 'manifest': None, 'water_landing': None, 'land_landing': None}",SAOCOM 1B,Satellite,False,5eb87d47ffd86e000604b38a,['CONAE'],[],['Argentina'],[],1600.0,3527.396,SSO,geocentric,sun-synchronous,,,,,,,,,,,,,,5eb0e4d1b6c3bb0006eeb259
"{'capsule': None, 'mass_returned_kg': None, 'mass_returned_lbs': None, 'flight_time_sec': None, 'manifest': None, 'water_landing': None, 'land_landing': None}",ANASIS-II,Satellite,False,5eb87d50ffd86e000604b394,['South Korea'],[],['South Korea'],['South Korea'],,,GEO,geocentric,geosynchronous,,,,,,,,15.0,,,,,,5eb0e4d2b6c3bb0006eeb25b
"{'capsule': None, 'mass_returned_kg': None, 'mass_returned_lbs': None, 'flight_time_sec': None, 'manifest': None, 'water_landing': None, 'land_landing': None}",GPS III SV03 (Columbus),Satellite,False,5eb87d4affd86e000604b38b,['USAF'],[],['United States'],['Lockheed Martin'],3880.0,8553.94,MEO,,,,,,,,,,15.0,,,,,,5eb0e4d2b6c3bb0006eeb25c
"{'capsule': None, 'mass_returned_kg': None, 'mass_returned_lbs': None, 'flight_time_sec': None, 'manifest': None, 'water_landing': None, 'land_landing': None}",SXM-7,Satellite,False,5eb87d4bffd86e000604b38c,['SiriusXM'],[47240],['United States'],['SSL'],7000.0,15432.36,GTO,geocentric,geostationary,-85.15,42165.776,0.000137,35781.865,35793.418,0.0539,1436.15,15.0,2022-11-30T12:35:14.000Z,1.0026806,88.4175,85.7907,358.7517,5eb0e4d2b6c3bb0006eeb25d
"{'capsule': None, 'mass_returned_kg': None, 'mass_returned_lbs': None, 'flight_time_sec': None, 'manifest': None, 'water_landing': None, 'land_landing': None}",GPS III SV04 (Sacagawea),Satellite,False,5eb87d4cffd86e000604b38d,['United States Space Force'],[46826],['United States'],['Lockheed Martin'],3681.0,8115.216,MEO,geocentric,semi-synchronous,,26560.231,0.0024554,20116.88,20247.312,54.4642,717.972,15.0,2022-11-30T04:47:27.000Z,2.00564932,263.3675,190.6279,344.3908,5eb0e4d2b6c3bb0006eeb25e
"{'capsule': '5f6f99fddcfdf403df379709', 'mass_returned_kg': 9616, 'mass_returned_lbs': 21200, 'flight_time_sec': 14450000, 'manifest': None, 'water_landing': True, 'land_landing': None}",Crew-1,Crew Dragon,False,5eb87d4dffd86e000604b38e,['NASA (CCtCap)'],[46920],['United States'],['SpaceX'],,,ISS,geocentric,low-earth,,6786.516,0.0003648,405.905,410.857,51.6413,92.732,,2021-05-02T03:59:09.000Z,15.52860534,210.3563,291.1645,161.0916,5eb0e4d2b6c3bb0006eeb25f
"{'capsule': None, 'mass_returned_kg': None, 'mass_returned_lbs': None, 'flight_time_sec': None, 'manifest': None, 'water_landing': None, 'land_landing': None}",GPS III SV05,Satellite,False,5eb87d4effd86e000604b390,['USAF'],[48859],['United States'],['Lockheed Martin'],3681.0,8115.22,MEO,geocentric,semi-synchronous,,26560.343,0.0009036,20158.208,20206.208,55.2552,717.977,15.0,2022-11-30T06:54:58.000Z,2.00563662,24.3803,211.2638,212.5223,5eb0e4d2b6c3bb0006eeb261
"{'capsule': '5fbb0f8fec55b34eb9f35c14', 'mass_returned_kg': 2002, 'mass_returned_lbs': 4414, 'flight_time_sec': 3294659, 'manifest': 'https://www.nasa.gov/sites/default/files/atoms/files/spacex_crs-21_mision_overview_high_res.pdf', 'water_landing': True, 'land_landing': False}",CRS-21,Dragon 2.0,False,5eb87d4effd86e000604b391,['NASA (CRS)'],[47233],['United States'],['SpaceX'],2972.0,6552.138,ISS,geocentric,low-earth,,6680.628,0.0151397,201.351,403.636,51.644,90.57,,2021-01-13T17:38:50.000Z,15.89925614,26.3562,61.4578,300.1249,5eb0e4d3b6c3bb0006eeb262
"{'capsule': None, 'mass_returned_kg': None, 'mass_returned_lbs': None, 'flight_time_sec': None, 'manifest': None, 'water_landing': None, 'land_landing': None}",Turksat 5A,Satellite,False,5eb87d4fffd86e000604b393,['Turksat'],[47306],['Turkey'],['Airbus Defence and Space'],3500.0,7716.2,GTO,geocentric,geostationary,31.0,42164.678,1.06e-05,35786.096,35786.99,0.03,1436.094,15.0,2022-11-30T07:29:42.000Z,1.00271979,87.8348,315.7759,168.9085,5eb0e4d3b6c3bb0006eeb264
"{'capsule': None, 'mass_returned_kg': None, 'mass_returned_lbs': None, 'flight_time_sec': None, 'manifest': None, 'water_landing': None, 'land_landing': None}",Starlink-9,Satellite,False,5ed9819a1f30554030d45c29,['SpaceX'],"[45657, 45658, 45659, 45660, 45661, 45662, 45663, 45664, 45665, 45666, 45667, 45668, 45669, 45670, 45671, 45672, 45673, 45674, 45675, 45676, 45677, 45678, 45679, 45680, 45681, 45682, 45683, 45684, 45685, 45686, 45687, 45688, 45689, 45690, 45691, 45692, 45693, 45694, 45695, 45696, 45697, 45698, 45699, 45700, 45701, 45702, 45703, 45704, 45705, 45706, 45707, 45708, 45709, 45710, 45711, 45712, 45713, 45714, 45715, 45716, 45730, 45731, 45732, 45733, 45734, 45735, 45736, 45737, 45738, 45739, 45740, 45741, 45742, 45743, 45744, 45745, 45746, 45747, 45748, 45749, 45750, 45751]",['United States'],['SpaceX'],15600.0,34392.0,VLEO,geocentric,very-low-earth,,6526.082,0.0028054,129.639,166.255,53.0001,87.445,,2020-07-14T14:23:37.000Z,16.46735707,319.7129,181.2741,293.9291,5ed9858b1f30554030d45c3e
"{'capsule': None, 'mass_returned_kg': None, 'mass_returned_lbs': None, 'flight_time_sec': None, 'manifest': None, 'water_landing': None, 'land_landing': None}",Starlink-10,Satellite,False,5ed981d91f30554030d45c2a,['SpaceX'],"[45730, 45731, 45732, 45733, 45734, 45735, 45736, 45737, 45738, 45739, 45740, 45741, 45742, 45743, 45744, 45745, 45746, 45747, 45748, 45749, 45750, 45751]",['United States'],['SpaceX'],15600.0,34392.0,VLEO,geocentric,very-low-earth,,6925.372,0.0001931,545.9,548.574,53.0533,95.593,,2022-11-30T01:30:19.000Z,15.06392326,203.997,52.2538,307.8625,5ed9859f1f30554030d45c3f
"{'capsule': None, 'mass_returned_kg': None, 'mass_returned_lbs': None, 'flight_time_sec': None, 'manifest': None, 'water_landing': None, 'land_landing': None}",Sentinel-6 Michael Freilich,Satellite,False,5ed983aa1f30554030d45c31,['NASA'],[46984],['United States'],[],1440.0,3174.657,PO,geocentric,low-earth,,7715.871,0.0007926,1331.621,1343.852,66.0444,112.418,,2022-11-30T06:34:51.000Z,12.80929725,304.6086,264.9511,95.0598,5ed9867c1f30554030d45c40
"{'capsule': None, 'mass_returned_kg': None, 'mass_returned_lbs': None, 'flight_time_sec': None, 'manifest': None, 'water_landing': None, 'land_landing': None}",BlackSky Global 5-6,Satellite,False,5ed9819a1f30554030d45c29,['BlackSky Global'],[],['United States'],['BlackSky Global'],112.0,246.92,SSO,geocentric,sun-synchronous,,,,,,,,3.0,,,,,,5ee522e32f1f3d474c758123
"{'capsule': None, 'mass_returned_kg': None, 'mass_returned_lbs': None, 'flight_time_sec': None, 'manifest': None, 'water_landing': None, 'land_landing': None}",Starlink-11,Satellite,False,5ef6a1e90059c33cee4a828a,['SpaceX'],"[46325, 46326, 46327, 46328, 46329, 46330, 46331, 46332, 46333, 46334, 46335, 46336, 46337, 46338, 46339, 46340, 46341, 46342, 46343, 46344, 46345, 46346, 46347, 46348, 46349, 46350, 46351, 46352, 46353, 46354, 46355, 46356, 46357, 46358, 46359, 46360, 46361, 46362, 46363, 46364, 46365, 46366, 46367, 46368, 46369, 46370, 46371, 46372, 46373, 46374, 46375, 46376, 46377, 46378, 46379, 46380, 46381, 46382, 46383, 46384]",['United States'],['SpaceX'],15600.0,34392.0,VLEO,geocentric,very-low-earth,,6925.37,0.0001886,545.929,548.541,53.0539,95.593,,2022-11-30T09:55:13.000Z,15.06392923,297.4295,52.3116,307.8044,5ef6a4600059c33cee4a829e
"{'capsule': None, 'mass_returned_kg': None, 'mass_returned_lbs': None, 'flight_time_sec': None, 'manifest': None, 'water_landing': None, 'land_landing': None}",Starlink-12,Satellite,False,5ef6a2090059c33cee4a828b,['SpaceX'],"[46532, 46533, 46534, 46535, 46536, 46537, 46538, 46539, 46540, 46541, 46542, 46543, 46544, 46545, 46546, 46547, 46548, 46549, 46550, 46551, 46552, 46553, 46554, 46555, 46556, 46557, 46558, 46559, 46560, 46561, 46562, 46563, 46564, 46565, 46566, 46567, 46568, 46569, 46570, 46571, 46572, 46573, 46574, 46575, 46576, 46577, 46578, 46579, 46580, 46581, 46582, 46583, 46584, 46585, 46586, 46587, 46588, 46589, 46590, 46591]",['United States'],['SpaceX'],15600.0,34392.0,VLEO,geocentric,very-low-earth,,6925.371,0.0001739,546.032,548.441,53.0554,95.593,,2022-11-30T12:15:13.000Z,15.06392587,141.9932,62.9195,297.1971,5ef6a48e0059c33cee4a829f
"{'capsule': None, 'mass_returned_kg': None, 'mass_returned_lbs': None, 'flight_time_sec': None, 'manifest': None, 'water_landing': None, 'land_landing': None}",Starlink-13,Satellite,False,5ef6a2bf0059c33cee4a828c,['SpaceX'],"[46670, 46671, 46672, 46673, 46674, 46675, 46676, 46677, 46678, 46679, 46680, 46681, 46682, 46683, 46684, 46685, 46686, 46687, 46688, 46689, 46690, 46691, 46692, 46693, 46694, 46695, 46696, 46697, 46698, 46699, 46700, 46701, 46702, 46703, 46704, 46705, 46706, 46707, 46708, 46709, 46710, 46711, 46712, 46713, 46714, 46715, 46716, 46717, 46718, 46719, 46720, 46721, 46722, 46723, 46724, 46725, 46726, 46727, 46728, 46729]",['United States'],['SpaceX'],15600.0,34392.0,VLEO,geocentric,very-low-earth,,6575.454,0.0011864,189.518,205.12,53.0515,88.439,,2020-10-24T20:24:51.000Z,16.28223676,77.8706,337.4012,22.6738,5ef6a4d50059c33cee4a82a1
"{'capsule': None, 'mass_returned_kg': None, 'mass_returned_lbs': None, 'flight_time_sec': None, 'manifest': None, 'water_landing': None, 'land_landing': None}",Starlink-14,Satellite,False,5ef6a2e70059c33cee4a8293,['SpaceX'],"[46739, 46740, 46741, 46742, 46743, 46744, 46745, 46746, 46747, 46748, 46749, 46750, 46751, 46752, 46753, 46754, 46755, 46756, 46757, 46758, 46759, 46760, 46761, 46762, 46763, 46764, 46765, 46766, 46767, 46768, 46769, 46770, 46771, 46772, 46773, 46774, 46775, 46776, 46777, 46778, 46779, 46780, 46781, 46782, 46783, 46784, 46785, 46786, 46787, 46788, 46789, 46790, 46791, 46792, 46793, 46794, 46795, 46796, 46797, 46798]",['United States'],['SpaceX'],15600.0,34392.0,VLEO,geocentric,very-low-earth,,6529.676,0.0007949,146.351,156.732,53.0227,87.518,,2021-07-14T06:47:40.000Z,16.45376551,331.8822,310.4108,50.2494,5ef6a4ea0059c33cee4a82a2
"{'capsule': None, 'mass_returned_kg': None, 'mass_returned_lbs': None, 'flight_time_sec': None, 'manifest': None, 'water_landing': None, 'land_landing': None}",NROL-108,Satellite,False,5f8399fb818d8b59f5740d43,['National Reconnaissance Office'],[],['United States'],[],,,,geocentric,low-earth,,,,,,,,,,,,,,5f839ac7818d8b59f5740d48
"{'capsule': None, 'mass_returned_kg': None, 'mass_returned_lbs': None, 'flight_time_sec': None, 'manifest': None, 'water_landing': None, 'land_landing': None}",Starlink-15,Satellite,False,5fb95b3f3a88ae63c954603c,['SpaceX'],[],['United States'],['SpaceX'],15600.0,34392.0,VLEO,geocentric,very-low-earth,,,,,,,,,,,,,,5fb95c263a88ae63c9546044
"{'capsule': None, 'mass_returned_kg': None, 'mass_returned_lbs': None, 'flight_time_sec': None, 'manifest': None, 'water_landing': None, 'land_landing': None}",Starlink-16,Satellite,False,5fbfecce54ceb10a5664c80a,['SpaceX'],[],['United States'],['SpaceX'],15600.0,34392.0,VLEO,geocentric,very-low-earth,,,,,,,,,,,,,,5fbfedba54ceb10a5664c813
"{'capsule': None, 'mass_returned_kg': None, 'mass_returned_lbs': None, 'flight_time_sec': None, 'manifest': None, 'water_landing': None, 'land_landing': None}",Starlink-17,Satellite,False,5fbfecfe54ceb10a5664c80b,['SpaceX'],[],['United States'],['SpaceX'],15600.0,34392.0,VLEO,geocentric,very-low-earth,,,,,,,,,,,,,,5fbfedc654ceb10a5664c814
"{'capsule': None, 'mass_returned_kg': None, 'mass_returned_lbs': None, 'flight_time_sec': None, 'manifest': None, 'water_landing': None, 'land_landing': None}",Transporter-1,Satellite,False,5fd386aa7faea57d297c86c1,[],[],['United States'],[],,,SSO,geocentric,sun-synchronous,,,,,,,,,,,,,,5fd3871a7faea57d297c86c6
"{'capsule': None, 'mass_returned_kg': None, 'mass_returned_lbs': None, 'flight_time_sec': None, 'manifest': None, 'water_landing': None, 'land_landing': None}",SARah 1,Satellite,False,5fe3af43b3467846b324215e,"['OHB-System', 'AG', 'Bundeswehr']",[],['Germany'],['Airbus Defence and Space'],2200.0,4850.17,SSO,geocentric,sun-synchronous,,,,,,,,,,,,,,5fe3b2abb3467846b3242172
"{'capsule': '5e9e2c5df359188aba3b2676', 'mass_returned_kg': 9616, 'mass_returned_lbs': 21200, 'flight_time_sec': 17250000, 'manifest': None, 'water_landing': True, 'land_landing': None}",Crew-2,Crew Dragon,True,5fe3af58b3467846b324215f,['NASA (CCtCap)'],[48209],['United States'],['SpaceX'],,,ISS,geocentric,low-earth,,6799.776,0.0006584,417.164,426.118,51.578,93.004,,2021-11-09T02:44:20.000Z,15.48320399,346.026,167.2394,62.3584,5fe3b3adb3467846b3242173
"{'capsule': '617c05591bad2c661a6e2909', 'mass_returned_kg': None, 'mass_returned_lbs': None, 'flight_time_sec': None, 'manifest': None, 'water_landing': None, 'land_landing': None}",Crew-3,Crew Dragon,False,5fe3b15eb3467846b324216d,['NASA (CCtCap)'],[49407],['United States'],['SpaceX'],12519.0,27600.0,ISS,geocentric,low-earth,,6688.205,0.0143837,213.869,406.271,51.6404,90.724,,2022-05-05T10:39:05.000Z,15.8722471,188.2433,58.1913,20.4352,5fe3b3bab3467846b3242174
"{'capsule': None, 'mass_returned_kg': None, 'mass_returned_lbs': None, 'flight_time_sec': None, 'manifest': None, 'water_landing': None, 'land_landing': None}",SXM-8,Satellite,False,5fe3af6db3467846b3242160,['SiriusXM'],[48838],['United States'],['SSL'],7000.0,15432.36,GTO,geocentric,geostationary,,42166.126,0.000322,35774.413,35801.568,0.042,1436.168,15.0,2022-11-30T06:45:18.000Z,1.00266813,113.5624,240.5512,91.1518,5fe3b57db3467846b324217a
"{'capsule': '60b803421f83cc1e59f1644d', 'mass_returned_kg': 2404, 'mass_returned_lbs': 5300, 'flight_time_sec': 3146340, 'manifest': None, 'water_landing': True, 'land_landing': None}",CRS-22,Dragon 2.0,True,5fe3af84b3467846b3242161,['NASA (CRS)'],[48831],['United States'],['SpaceX'],3328.0,7336.984,ISS,geocentric,low-earth,,6637.924,0.0086979,202.053,317.525,51.6394,89.703,,2021-07-10T03:41:28.000Z,16.05293233,228.5564,82.8341,29.9538,5fe3b642b3467846b324217b
"{'capsule': None, 'mass_returned_kg': None, 'mass_returned_lbs': None, 'flight_time_sec': None, 'manifest': None, 'water_landing': None, 'land_landing': None}",USSF-44,Satellite,False,6243aec2af52800c6e91925d,['USSF'],[],['United States'],['USSF'],3700.0,8157.104,GTO,geocentric,geostationary,,,,,,,,,,,,,,5fe3b86eb3467846b324217c
"{'capsule': None, 'mass_returned_kg': None, 'mass_returned_lbs': None, 'flight_time_sec': None, 'manifest': None, 'water_landing': None, 'land_landing': None}",Türksat 5B,Satellite,False,5fe3afc1b3467846b3242164,['Turksat'],[50212],['Turkey'],['Airbus Defence and Space'],3500.0,7716.2,GTO,geocentric,geostationary,31.0,42165.077,0.0003961,35770.241,35803.644,0.0692,1436.115,15.0,2022-11-30T10:59:34.000Z,1.00270553,337.9554,320.034,338.2319,5fe3c080b3467846b3242190
"{'capsule': None, 'mass_returned_kg': None, 'mass_returned_lbs': None, 'flight_time_sec': None, 'manifest': None, 'water_landing': None, 'land_landing': None}",DART (Double Asteroid Redirection Test),Satellite,False,5fe3b107b3467846b324216b,['NASA'],[49497],['United States'],['Applied Physics Laboratory'],670.0,1477.097,TLI,heliocentric,,31.0,6651.504,0.00562,235.987,310.75,64.77,89.979,,2021-11-24T06:29:02.000Z,16.00379554,235.9449,158.71,355.4,5fe3c4a6b3467846b3242192
"{'capsule': '5fbb0f8fec55b34eb9f35c14', 'mass_returned_kg': 2086, 'mass_returned_lbs': 4600, 'flight_time_sec': 2835720, 'manifest': None, 'water_landing': True, 'land_landing': False}",CRS-23,Dragon 2.0,True,5fe3b11eb3467846b324216c,['NASA (CRS)'],[],['United States'],['SpaceX'],,,ISS,geocentric,low-earth,,,,,,,,,,,,,,5fe3c4f2b3467846b3242193
"{'capsule': None, 'mass_returned_kg': None, 'mass_returned_lbs': None, 'flight_time_sec': None, 'manifest': None, 'water_landing': None, 'land_landing': None}",Starlink-18,Satellite,False,5ff6554f9257f579ee3a6c5f,['SpaceX'],[],['United States'],['SpaceX'],15600.0,34392.0,VLEO,geocentric,very-low-earth,,,,,,,,,,,,,,5ff655769257f579ee3a6c64
"{'capsule': None, 'mass_returned_kg': None, 'mass_returned_lbs': None, 'flight_time_sec': None, 'manifest': None, 'water_landing': None, 'land_landing': None}",Starlink-19,Satellite,False,600f9a5e8f798e2a4d5f979c,['SpaceX'],[],['United States'],['SpaceX'],15600.0,34392.0,VLEO,geocentric,very-low-earth,,,,,,,,,,,,,,600f9bc08f798e2a4d5f97a4
"{'capsule': None, 'mass_returned_kg': None, 'mass_returned_lbs': None, 'flight_time_sec': None, 'manifest': None, 'water_landing': None, 'land_landing': None}",Starlink-20,Satellite,False,600f9a718f798e2a4d5f979d,['SpaceX'],[],['United States'],['SpaceX'],15600.0,34392.0,VLEO,geocentric,very-low-earth,,,,,,,,,,,,,,600f9bcb8f798e2a4d5f97a5
"{'capsule': None, 'mass_returned_kg': None, 'mass_returned_lbs': None, 'flight_time_sec': None, 'manifest': None, 'water_landing': None, 'land_landing': None}",Starlink-21,Satellite,False,600f9a8d8f798e2a4d5f979e,['SpaceX'],[],['United States'],['SpaceX'],15600.0,34392.0,VLEO,geocentric,very-low-earth,,,,,,,,,,,,,,600f9bd88f798e2a4d5f97a6
"{'capsule': None, 'mass_returned_kg': None, 'mass_returned_lbs': None, 'flight_time_sec': None, 'manifest': None, 'water_landing': None, 'land_landing': None}",Starlink-22,Satellite,False,60428aafc041c16716f73cd7,['SpaceX'],[],['United States'],['SpaceX'],15600.0,34392.0,VLEO,geocentric,very-low-earth,,,,,,,,,,,,,,60428afbc041c16716f73cdd
"{'capsule': None, 'mass_returned_kg': None, 'mass_returned_lbs': None, 'flight_time_sec': None, 'manifest': None, 'water_landing': None, 'land_landing': None}",Starlink-23,Satellite,False,60428ac4c041c16716f73cd8,['SpaceX'],[],['United States'],['SpaceX'],15600.0,34392.0,VLEO,geocentric,very-low-earth,,,,,,,,,,,,,,60428b02c041c16716f73cde
"{'capsule': None, 'mass_returned_kg': None, 'mass_returned_lbs': None, 'flight_time_sec': None, 'manifest': None, 'water_landing': None, 'land_landing': None}",Starlink-24,Satellite,False,605b4b6aaa5433645e37d03f,['SpaceX'],[],['United States'],['SpaceX'],15600.0,34392.0,VLEO,geocentric,very-low-earth,,,,,,,,,,,,,,605b4be3aa5433645e37d046
"{'capsule': None, 'mass_returned_kg': None, 'mass_returned_lbs': None, 'flight_time_sec': None, 'manifest': None, 'water_landing': None, 'land_landing': None}",Starlink-25,Satellite,False,605b4b7daa5433645e37d040,['SpaceX'],[],['United States'],['SpaceX'],15600.0,34392.0,VLEO,geocentric,very-low-earth,,,,,,,,,,,,,,605b4befaa5433645e37d047
"{'capsule': None, 'mass_returned_kg': None, 'mass_returned_lbs': None, 'flight_time_sec': None, 'manifest': None, 'water_landing': None, 'land_landing': None}",Starlink-26,Satellite,False,605b4b95aa5433645e37d041,['SpaceX'],[],['United States'],['SpaceX'],13520.0,29807.0,VLEO,geocentric,very-low-earth,,,,,,,,,,,,,,605b4bfcaa5433645e37d048
"{'capsule': None, 'mass_returned_kg': None, 'mass_returned_lbs': None, 'flight_time_sec': None, 'manifest': None, 'water_landing': None, 'land_landing': None}",Starlink-27,Satellite,False,6079bd1c9a06446e8c61bf76,['SpaceX'],[],['United States'],['SpaceX'],15600.0,34392.0,VLEO,geocentric,very-low-earth,,,,,,,,,,,,,,6079bd5e9a06446e8c61bf7c
"{'capsule': None, 'mass_returned_kg': None, 'mass_returned_lbs': None, 'flight_time_sec': None, 'manifest': None, 'water_landing': None, 'land_landing': None}",Starlink-28,Satellite,False,6079bd399a06446e8c61bf77,['SpaceX'],[],['United States'],['SpaceX'],15600.0,34392.0,VLEO,geocentric,very-low-earth,,,,,,,,,,,,,,6079bd679a06446e8c61bf7d
"{'capsule': '5f6f99fddcfdf403df379709', 'mass_returned_kg': 9616, 'mass_returned_lbs': 21200, 'flight_time_sec': 255780, 'manifest': None, 'water_landing': True, 'land_landing': None}",Inspiration4,Crew Dragon,True,607a37565a906a44023e0866,['Jared Isaacman'],[],['United States'],['SpaceX'],,,LEO,geocentric,low-earth,,,,,,,,,,,,,,607a382f5a906a44023e0867
"{'capsule': None, 'mass_returned_kg': None, 'mass_returned_lbs': None, 'flight_time_sec': None, 'manifest': None, 'water_landing': None, 'land_landing': None}",Transporter-2,Satellite,False,600f9b6d8f798e2a4d5f979f,[],[],['United States'],[],,,SSO,geocentric,sun-synchronous,,,,,,,,,,,,,,608ac397eb3e50044e3630e7
"{'capsule': None, 'mass_returned_kg': None, 'mass_returned_lbs': None, 'flight_time_sec': None, 'manifest': None, 'water_landing': None, 'land_landing': None}",Capella-6,Satellite,False,605b4b95aa5433645e37d041,['Capella Space'],[],['United States'],['Capella Space'],112.0,247.0,LEO,geocentric,low-earth,,,,,,,,,,,,,,609f48374a12e4692eae4667
"{'capsule': None, 'mass_returned_kg': None, 'mass_returned_lbs': None, 'flight_time_sec': None, 'manifest': None, 'water_landing': None, 'land_landing': None}",Tyvak-0130,Satellite,False,605b4b95aa5433645e37d041,"['Tyvak Nano-Satellite Systems Inc', 'NOAA']",[],['United States'],['Tyvak Nano-Satellite Systems Inc'],,,LEO,geocentric,low-earth,,,,,,,,,,,,,,609f49c64a12e4692eae4668
"{'capsule': None, 'mass_returned_kg': None, 'mass_returned_lbs': None, 'flight_time_sec': None, 'manifest': None, 'water_landing': None, 'land_landing': None}",Starlink 2-1 (v1.5),Satellite,False,60e3bf0d73359e1e20335c37,['SpaceX'],[],['United States'],['SpaceX'],15600.0,34392.0,PO,geocentric,polar,,,,,,,,,,,,,,60e3bf3373359e1e20335c3c
"{'capsule': None, 'mass_returned_kg': None, 'mass_returned_lbs': None, 'flight_time_sec': None, 'manifest': None, 'water_landing': None, 'land_landing': None}",Starlink 2-2 (v1.5),Satellite,False,6161c7d26db1a92bfba85346,['SpaceX'],[],['United States'],['SpaceX'],13260.0,29233.0,PO,geocentric,polar,,,,,,,,,,,,,,6161d0af6db1a92bfba85352
"{'capsule': None, 'mass_returned_kg': None, 'mass_returned_lbs': None, 'flight_time_sec': None, 'manifest': None, 'water_landing': None, 'land_landing': None}",Starlink 4-3 (v1.5),Satellite,False,6161c94c6db1a92bfba85349,['SpaceX'],[],['United States'],['SpaceX'],13260.0,29233.0,PO,geocentric,polar,,,,,,,,,,,,,,6161d0f26db1a92bfba85355
"{'capsule': '60b803421f83cc1e59f1644d', 'mass_returned_kg': 2200, 'mass_returned_lbs': 4900, 'flight_time_sec': 2977020, 'manifest': None, 'water_landing': True, 'land_landing': False}",CRS-24,Dragon 2.0,True,6161d2006db1a92bfba85356,['NASA (CRS)'],[],['United States'],['SpaceX'],,,ISS,geocentric,low-earth,,,,,,,,,,,,,,6161d22a6db1a92bfba85357
"{'capsule': None, 'mass_returned_kg': None, 'mass_returned_lbs': None, 'flight_time_sec': None, 'manifest': None, 'water_landing': None, 'land_landing': None}",CSG-2,Satellite,False,6161d32d6db1a92bfba85359,['ESA'],[],[],[],2240.0,4938.0,SSO,geocentric,sun-synchronous,,,,,,,,,,,,,,6161d3a06db1a92bfba8535a
"{'capsule': None, 'mass_returned_kg': None, 'mass_returned_lbs': None, 'flight_time_sec': None, 'manifest': None, 'water_landing': None, 'land_landing': None}",NROL-87,Satellite,False,61bf3e31cd5ab50b0d936345,"['National Reconnaissance Office', 'USAF']",[],['United States'],[],,,LEO,geocentric,sun-synchronous,,,,,,,,,,,,,,6175aaacefa4314085aa9c56
"{'capsule': None, 'mass_returned_kg': None, 'mass_returned_lbs': None, 'flight_time_sec': None, 'manifest': None, 'water_landing': None, 'land_landing': None}",Starlink 4-1 (v1.5),Satellite,False,618faad2563d69573ed8ca9d,['SpaceX'],[],['United States'],['SpaceX'],13260.0,29233.0,LEO,geocentric,low-earth,,,,,,,,,,,,,,618fabf0563d69573ed8caa6
"{'capsule': None, 'mass_returned_kg': None, 'mass_returned_lbs': None, 'flight_time_sec': None, 'manifest': None, 'water_landing': None, 'land_landing': None}",Starlink 4-4 (v1.5),Satellite,False,61bba806437241381bf7061e,['SpaceX'],[],['United States'],['SpaceX'],13260.0,29233.0,PO,geocentric,polar,,,,,,,,,,,,,,61bbac16437241381bf70632
"{'capsule': None, 'mass_returned_kg': None, 'mass_returned_lbs': None, 'flight_time_sec': None, 'manifest': None, 'water_landing': None, 'land_landing': None}",IPXE,Satellite,False,6161c88d6db1a92bfba85348,"['NASA', 'ASI']",[49954],['United States'],"['Ball Aerospace & Technologies', 'OHB Italia']",330.0,730.0,LEO,geocentric,low-earth,,6969.567,0.0011029,583.746,599.119,0.2294,96.509,2.0,2022-11-30T11:32:20.000Z,14.92086625,243.0779,215.2829,261.7641,61c1f395a4a2462678cbf46e
"{'capsule': None, 'mass_returned_kg': None, 'mass_returned_lbs': None, 'flight_time_sec': None, 'manifest': None, 'water_landing': None, 'land_landing': None}",Starlink 4-5 (v1.5),Satellite,False,61d5eca1f88e4c5fc91f1eb7,['SpaceX'],[],['United States'],['SpaceX'],13260.0,29233.0,VLEO,geocentric,very-low-earth,,,,,,,,,,,,,,61d5ece4f88e4c5fc91f1ebb
"{'capsule': None, 'mass_returned_kg': None, 'mass_returned_lbs': None, 'flight_time_sec': None, 'manifest': None, 'water_landing': None, 'land_landing': None}",Starlink 4-6 (v1.5),Satellite,False,61e048bbbe8d8b66799018d0,['SpaceX'],[],['United States'],['SpaceX'],13260.0,29233.0,VLEO,geocentric,very-low-earth,,,,,,,,,,,,,,61e05516be8d8b66799018d4
"{'capsule': None, 'mass_returned_kg': None, 'mass_returned_lbs': None, 'flight_time_sec': None, 'manifest': None, 'water_landing': None, 'land_landing': None}",Starlink 4-7 (v1.5),Satellite,False,61e048ffbe8d8b66799018d1,['SpaceX'],[],['United States'],['SpaceX'],13260.0,29233.0,VLEO,geocentric,very-low-earth,,,,,,,,,,,,,,61e05520be8d8b66799018d5
"{'capsule': None, 'mass_returned_kg': None, 'mass_returned_lbs': None, 'flight_time_sec': None, 'manifest': None, 'water_landing': None, 'land_landing': None}",IM-1 Nova-C,Satellite,False,61eef7489eb1064137a1bd6f,"['Intuitive Machines', 'NASA']",[],['United States'],['Intuitive Machines'],1908.0,4206.0,TLI,trans-lunar-injection,lunar,,,,,,,,,,,,,,61eef9b89eb1064137a1bd72
"{'capsule': '5e9e2c5df359188aba3b2676', 'mass_returned_kg': None, 'mass_returned_lbs': None, 'flight_time_sec': None, 'manifest': None, 'water_landing': None, 'land_landing': None}",Ax-1,Dragon 2.0,True,61eefaa89eb1064137a1bd73,['Axiom Space'],[],['United States'],['SpaceX'],,,ISS,geocentric,low-earth,,,,,,,,,,,,,,61eefb129eb1064137a1bd74
"{'capsule': None, 'mass_returned_kg': None, 'mass_returned_lbs': None, 'flight_time_sec': None, 'manifest': None, 'water_landing': None, 'land_landing': None}",Starlink 4-8 (v1.5),Satellite,False,61fc01dae0dc5662b76489a7,['SpaceX'],[],['United States'],['SpaceX'],13260.0,29233.0,VLEO,geocentric,very-low-earth,,,,,,,,,,,,,,61fc02e1e0dc5662b76489b4
"{'capsule': None, 'mass_returned_kg': None, 'mass_returned_lbs': None, 'flight_time_sec': None, 'manifest': None, 'water_landing': None, 'land_landing': None}",Starlink 4-11 (v1.5),Satellite,False,61fc0203e0dc5662b76489a8,['SpaceX'],[],['United States'],['SpaceX'],13260.0,29233.0,VLEO,geocentric,very-low-earth,,,,,,,,,,,,,,61fc0334e0dc5662b76489b5
"{'capsule': None, 'mass_returned_kg': None, 'mass_returned_lbs': None, 'flight_time_sec': None, 'manifest': None, 'water_landing': None, 'land_landing': None}",Starlink 4-9 (v1.5),Satellite,False,61fc0224e0dc5662b76489ab,['SpaceX'],[],['United States'],['SpaceX'],13260.0,29233.0,VLEO,geocentric,very-low-earth,,,,,,,,,,,,,,61fc0379e0dc5662b76489b6
"{'capsule': None, 'mass_returned_kg': None, 'mass_returned_lbs': None, 'flight_time_sec': None, 'manifest': None, 'water_landing': None, 'land_landing': None}",Starlink 4-10 (v1.5),Satellite,False,61fc0243e0dc5662b76489ae,['SpaceX'],[],['United States'],['SpaceX'],13260.0,29233.0,VLEO,geocentric,very-low-earth,,,,,,,,,,,,,,61fc0382e0dc5662b76489b7
"{'capsule': None, 'mass_returned_kg': None, 'mass_returned_lbs': None, 'flight_time_sec': None, 'manifest': None, 'water_landing': None, 'land_landing': None}",Starlink 4-12 (v1.5),Satellite,False,6234908cf051102e1fcedac4,['SpaceX'],[],['United States'],['SpaceX'],13260.0,29233.0,VLEO,geocentric,very-low-earth,,,,,,,,,,,,,,623491e5f051102e1fcedac9
"{'capsule': None, 'mass_returned_kg': None, 'mass_returned_lbs': None, 'flight_time_sec': None, 'manifest': None, 'water_landing': None, 'land_landing': None}",Transporter-4,Satellite,False,6243ad8baf52800c6e919252,[],[],['United States'],[],,,SSO,geocentric,sun-synchronous,,,,,,,,,,,,,,6243af62af52800c6e919260
"{'capsule': None, 'mass_returned_kg': None, 'mass_returned_lbs': None, 'flight_time_sec': None, 'manifest': None, 'water_landing': None, 'land_landing': None}",Starlink 4-14 (v1.5),Satellite,False,6243ada6af52800c6e919253,['SpaceX'],[],['United States'],['SpaceX'],13260.0,29233.0,VLEO,geocentric,very-low-earth,,,,,,,,,,,,,,6243af9faf52800c6e919261
"{'capsule': None, 'mass_returned_kg': None, 'mass_returned_lbs': None, 'flight_time_sec': None, 'manifest': None, 'water_landing': None, 'land_landing': None}",NROL-85,Satellite,False,6243adcaaf52800c6e919254,"['USAF', 'National Reconnaissance Office']",[],['United States'],[],,,LEO,geocentric,low-earth,,,,,,,,,,,,,,6243b036af52800c6e919262
"{'capsule': '62615d180ec008379be596f1', 'mass_returned_kg': None, 'mass_returned_lbs': None, 'flight_time_sec': None, 'manifest': None, 'water_landing': None, 'land_landing': None}",Crew-4,Crew Dragon,False,6243ade2af52800c6e919255,['NASA (CCtCap)'],[],['United States'],['SpaceX'],,,ISS,geocentric,low-earth,,,,,,,,,,,,,,6243b1cdaf52800c6e919265
"{'capsule': None, 'mass_returned_kg': None, 'mass_returned_lbs': None, 'flight_time_sec': None, 'manifest': None, 'water_landing': None, 'land_landing': None}",Nilesat-301,Satellite,False,6243ae0aaf52800c6e919257,['Nilesat'],[],['Egypt'],['Thales Alenia Space'],3938.0,8681.804,GEO,geocentric,geostationary,,,,,,,,15.0,,,,,,6243b286af52800c6e919266
"{'capsule': None, 'mass_returned_kg': None, 'mass_returned_lbs': None, 'flight_time_sec': None, 'manifest': None, 'water_landing': None, 'land_landing': None}",Transporter-5,Satellite,False,6243ae24af52800c6e919258,[],[],['United States'],[],,,SSO,geocentric,sun-synchronous,,,,,,,,,,,,,,6243b39daf52800c6e919267
"{'capsule': None, 'mass_returned_kg': None, 'mass_returned_lbs': None, 'flight_time_sec': None, 'manifest': None, 'water_landing': None, 'land_landing': None}","O3b mPower 1,2",Satellite,False,6243ba08af52800c6e919270,['SES'],[],['United States'],[],5100.0,11243.58,MEO,geocentric,medium-earth,,,,,,,,,,,,,,6243b788af52800c6e91926b
"{'capsule': None, 'mass_returned_kg': None, 'mass_returned_lbs': None, 'flight_time_sec': None, 'manifest': None, 'water_landing': None, 'land_landing': None}",CRS-25,Dragon 2.0,True,6243ae40af52800c6e919259,['NASA (CRS)'],[],['United States'],['SpaceX'],,,ISS,geocentric,low-earth,,,,,,,,,,,,,,6243b835af52800c6e91926d
"{'capsule': None, 'mass_returned_kg': None, 'mass_returned_lbs': None, 'flight_time_sec': None, 'manifest': None, 'water_landing': None, 'land_landing': None}",WorldView Legion 1 & 2,Satellite,False,6243ae58af52800c6e91925a,['DigitalGlobe'],[],['United States'],[],,,SSO,geocentric,sun-synchronous,,,,,,,,,,,,,,6243b896af52800c6e91926e
"{'capsule': None, 'mass_returned_kg': None, 'mass_returned_lbs': None, 'flight_time_sec': None, 'manifest': None, 'water_landing': None, 'land_landing': None}",SES-22,Satellite,False,6243aea5af52800c6e91925c,['SES'],[],['United States'],['Thales Alenia Space'],3500.0,7716.179,MEO,geocentric,medium-earth,,,,,,,,,,,,,,6243b93caf52800c6e91926f
"{'capsule': None, 'mass_returned_kg': None, 'mass_returned_lbs': None, 'flight_time_sec': None, 'manifest': None, 'water_landing': None, 'land_landing': None}",O3b mPower 3.4,Satellite,False,6243ae7daf52800c6e91925b,['SES'],[],['United States'],[],5100.0,11243.58,MEO,geocentric,medium-earth,,,,,,,,,,,,,,6243ba4faf52800c6e919271
"{'capsule': None, 'mass_returned_kg': None, 'mass_returned_lbs': None, 'flight_time_sec': None, 'manifest': None, 'water_landing': None, 'land_landing': None}",Starlink 4-15 (v1.5),Satellite,False,625828f25988f159024b9643,['SpaceX'],[],['United States'],['SpaceX'],13260.0,29233.0,VLEO,geocentric,very-low-earth,,,,,,,,,,,,,,625829cf5988f159024b9648
"{'capsule': None, 'mass_returned_kg': None, 'mass_returned_lbs': None, 'flight_time_sec': None, 'manifest': None, 'water_landing': None, 'land_landing': None}",Starlink 4-13 (v1.5),Satellite,False,6258290d5988f159024b9644,['SpaceX'],[],['United States'],['SpaceX'],13260.0,29233.0,VLEO,geocentric,very-low-earth,,,,,,,,,,,,,,625829d75988f159024b9649
"{'capsule': None, 'mass_returned_kg': None, 'mass_returned_lbs': None, 'flight_time_sec': None, 'manifest': None, 'water_landing': None, 'land_landing': None}",Starlink 4-16 (v1.5),Satellite,False,62582a6f5988f159024b964b,['SpaceX'],[],['United States'],['SpaceX'],13260.0,29233.0,VLEO,geocentric,very-low-earth,,,,,,,,,,,,,,62582aa55988f159024b964d
"{'capsule': None, 'mass_returned_kg': None, 'mass_returned_lbs': None, 'flight_time_sec': None, 'manifest': None, 'water_landing': None, 'land_landing': None}",Starlink 4-17 (v1.5),Satellite,False,62582a855988f159024b964c,['SpaceX'],[],['United States'],['SpaceX'],13260.0,29233.0,VLEO,geocentric,very-low-earth,,,,,,,,,,,,,,62582aad5988f159024b964e
"{'capsule': None, 'mass_returned_kg': None, 'mass_returned_lbs': None, 'flight_time_sec': None, 'manifest': None, 'water_landing': None, 'land_landing': None}",Starlink 4-18 (v1.5),Satellite,False,62615ebc0ec008379be596fa,['SpaceX'],[],['United States'],['SpaceX'],13260.0,29233.0,VLEO,geocentric,very-low-earth,,,,,,,,,,,,,,62615ee40ec008379be596fd
"{'capsule': None, 'mass_returned_kg': None, 'mass_returned_lbs': None, 'flight_time_sec': None, 'manifest': None, 'water_landing': None, 'land_landing': None}",Starlink 4-19 (v1.5),Satellite,False,6278481757b51b752c5c5a5f,['SpaceX'],[],['United States'],['SpaceX'],13260.0,29233.0,VLEO,geocentric,very-low-earth,,,,,,,,,,,,,,6278484e57b51b752c5c5a63
"{'capsule': None, 'mass_returned_kg': None, 'mass_returned_lbs': None, 'flight_time_sec': None, 'manifest': None, 'water_landing': None, 'land_landing': None}",Psyche,Satellite,False,628025222c0aa958437dcf76,['NASA'],[],['United States'],['Maxar Technologies'],2608.0,5750.0,BEO,geocentric,beyond-earth,,,,,,,,,,,,,,628026a42c0aa958437dcf7c
"{'capsule': None, 'mass_returned_kg': None, 'mass_returned_lbs': None, 'flight_time_sec': None, 'manifest': None, 'water_landing': None, 'land_landing': None}",Janus,Satellite,False,628025222c0aa958437dcf76,['NASA'],[],['United States'],"['University of Colorado Boulder', 'Lockheed Martin']",72.0,158.0,BEO,geocentric,beyond-earth,,,,,,,,,,,,,,628027062c0aa958437dcf7d
"{'capsule': None, 'mass_returned_kg': None, 'mass_returned_lbs': None, 'flight_time_sec': None, 'manifest': None, 'water_landing': None, 'land_landing': None}",Globalstar FM15,Satellite,False,62a9f08b20413d2695d88711,['Globalstar'],[],['United States'],[],700.0,1543.236,LEO,geocentric,low-earth,,,,,,,,,,,,,,62adecbcd26f4f711fa53848
"{'capsule': '617c05591bad2c661a6e2909', 'mass_returned_kg': None, 'mass_returned_lbs': None, 'flight_time_sec': None, 'manifest': None, 'water_landing': None, 'land_landing': None}",Crew-5,Crew Dragon,False,62dd70d5202306255024d139,['NASA (CCtCap)'],[],['United States'],['SpaceX'],,,ISS,geocentric,low-earth,,,,,,,,,,,,,,62dd73ed202306255024d145
"{'capsule': None, 'mass_returned_kg': None, 'mass_returned_lbs': None, 'flight_time_sec': None, 'manifest': None, 'water_landing': None, 'land_landing': None}",Starlink 4-21 (v1.5),Satellite,False,62a9f0c920413d2695d88712,['SpaceX'],[],['United States'],['SpaceX'],13260.0,29233.0,VLEO,geocentric,very-low-earth,,,,,,,,,,,,,,630bccc6d36448026ab01639
"{'capsule': None, 'mass_returned_kg': None, 'mass_returned_lbs': None, 'flight_time_sec': None, 'manifest': None, 'water_landing': None, 'land_landing': None}",Starlink 3-1 (v1.5),Satellite,False,62a9f0e320413d2695d88713,['SpaceX'],[],['United States'],['SpaceX'],13260.0,29233.0,VLEO,geocentric,very-low-earth,,,,,,,,,,,,,,630bccd6d36448026ab0163a
"{'capsule': None, 'mass_returned_kg': None, 'mass_returned_lbs': None, 'flight_time_sec': None, 'manifest': None, 'water_landing': None, 'land_landing': None}",Starlink 4-22 (v1.5),Satellite,False,62a9f0f820413d2695d88714,['SpaceX'],[],['United States'],['SpaceX'],13260.0,29233.0,VLEO,geocentric,very-low-earth,,,,,,,,,,,,,,630bce10d36448026ab0163b
"{'capsule': None, 'mass_returned_kg': None, 'mass_returned_lbs': None, 'flight_time_sec': None, 'manifest': None, 'water_landing': None, 'land_landing': None}",Starlink 3-2 (v1.5),Satellite,False,62a9f10b20413d2695d88715,['SpaceX'],[],['United States'],['SpaceX'],13260.0,29233.0,VLEO,geocentric,very-low-earth,,,,,,,,,,,,,,630bce49d36448026ab0163c
"{'capsule': None, 'mass_returned_kg': None, 'mass_returned_lbs': None, 'flight_time_sec': None, 'manifest': None, 'water_landing': None, 'land_landing': None}",Starlink 4-25 (v1.5),Satellite,False,62a9f12820413d2695d88716,['SpaceX'],[],['United States'],['SpaceX'],13260.0,29233.0,VLEO,geocentric,very-low-earth,,,,,,,,,,,,,,630bce79d36448026ab0163d
"{'capsule': None, 'mass_returned_kg': None, 'mass_returned_lbs': None, 'flight_time_sec': None, 'manifest': None, 'water_landing': None, 'land_landing': None}",Starlink 4-26 (v1.5),Satellite,False,62a9f8b320413d2695d8871b,['SpaceX'],[],['United States'],['SpaceX'],13260.0,29233.0,VLEO,geocentric,very-low-earth,,,,,,,,,,,,,,630bcea1d36448026ab0163e
"{'capsule': None, 'mass_returned_kg': None, 'mass_returned_lbs': None, 'flight_time_sec': None, 'manifest': None, 'water_landing': None, 'land_landing': None}",Starlink 4-27 (v1.5),Satellite,False,62f3b5200f55c50e192a4e6c,['SpaceX'],[],['United States'],['SpaceX'],13260.0,29233.0,VLEO,geocentric,very-low-earth,,,,,,,,,,,,,,630bceadd36448026ab0163f
"{'capsule': None, 'mass_returned_kg': None, 'mass_returned_lbs': None, 'flight_time_sec': None, 'manifest': None, 'water_landing': None, 'land_landing': None}",Starlink 3-3 (v1.5),Satellite,False,62f3b4ff0f55c50e192a4e6b,['SpaceX'],[],['United States'],['SpaceX'],13260.0,29233.0,VLEO,geocentric,very-low-earth,,,,,,,,,,,,,,630bceb8d36448026ab01640
"{'capsule': None, 'mass_returned_kg': None, 'mass_returned_lbs': None, 'flight_time_sec': None, 'manifest': None, 'water_landing': None, 'land_landing': None}",KPLO,Satellite,False,62a9f86420413d2695d88719,['KARI'],[53365],['South Korea'],['KARI'],678.0,1495.0,TLI,trans-lunar-injection,lunar,,6625.044,0.00033,244.723,249.095,29.5,89.442,1.0,2022-08-04T23:16:44.000Z,16.09976711,147.2458,140.47,307.52,630bcfe1d36448026ab01641
"{'capsule': None, 'mass_returned_kg': None, 'mass_returned_lbs': None, 'flight_time_sec': None, 'manifest': None, 'water_landing': None, 'land_landing': None}",Starlink 3-4 (v1.5),Satellite,False,62f3b53a0f55c50e192a4e6f,['SpaceX'],[],['United States'],['SpaceX'],13260.0,29233.0,VLEO,geocentric,very-low-earth,,,,,,,,,,,,,,630f63bf18702d4844fb5391
"{'capsule': None, 'mass_returned_kg': None, 'mass_returned_lbs': None, 'flight_time_sec': None, 'manifest': None, 'water_landing': None, 'land_landing': None}",Starlink 4-23 (v1.5),Satellite,False,62f3b5290f55c50e192a4e6d,['SpaceX'],[],['United States'],['SpaceX'],13260.0,29233.0,VLEO,geocentric,very-low-earth,,,,,,,,,,,,,,631614d7ffc78f3b85670716
"{'capsule': None, 'mass_returned_kg': None, 'mass_returned_lbs': None, 'flight_time_sec': None, 'manifest': None, 'water_landing': None, 'land_landing': None}",Starlink 4-20 (v1.5),Satellite,False,62f3b5330f55c50e192a4e6e,['SpaceX'],[],['United States'],['SpaceX'],13260.0,29233.0,VLEO,geocentric,very-low-earth,,,,,,,,,,,,,,631614e9ffc78f3b85670717
"{'capsule': None, 'mass_returned_kg': None, 'mass_returned_lbs': None, 'flight_time_sec': None, 'manifest': None, 'water_landing': None, 'land_landing': None}",Starlink 4-2 (v1.5),Satellite,False,62a9f89a20413d2695d8871a,['SpaceX'],[],['United States'],['SpaceX'],13260.0,29233.0,VLEO,geocentric,very-low-earth,,,,,,,,,,,,,,63161610ffc78f3b85670718
"{'capsule': None, 'mass_returned_kg': None, 'mass_returned_lbs': None, 'flight_time_sec': None, 'manifest': None, 'water_landing': None, 'land_landing': None}",Starlink 4-34 (v1.5),Satellite,False,63161329ffc78f3b8567070b,['SpaceX'],[],['United States'],['SpaceX'],13260.0,29233.0,VLEO,geocentric,very-low-earth,,,,,,,,,,,,,,63161699ffc78f3b85670719
"{'capsule': None, 'mass_returned_kg': None, 'mass_returned_lbs': None, 'flight_time_sec': None, 'manifest': None, 'water_landing': None, 'land_landing': None}",Starlink 4-35 (v1.5),Satellite,False,63161339ffc78f3b8567070c,['SpaceX'],[],['United States'],['SpaceX'],13260.0,29233.0,VLEO,geocentric,very-low-earth,,,,,,,,,,,,,,631616a7ffc78f3b8567071a
"{'capsule': None, 'mass_returned_kg': None, 'mass_returned_lbs': None, 'flight_time_sec': None, 'manifest': None, 'water_landing': None, 'land_landing': None}",Starlink 4-36 (v1.5),Satellite,False,62f3b5200f55c50e192a4e6c,['SpaceX'],[],['United States'],['SpaceX'],13260.0,29233.0,VLEO,geocentric,very-low-earth,,,,,,,,,,,,,,631616aeffc78f3b8567071b
"{'capsule': None, 'mass_returned_kg': None, 'mass_returned_lbs': None, 'flight_time_sec': None, 'manifest': None, 'water_landing': None, 'land_landing': None}",TTL-1,Satellite,False,62f3b5200f55c50e192a4e6c,['Space Development Agency'],[],['United States'],['SpaceX'],,,PO,geocentric,polar,,,,,,,,,,,,,,63161760ffc78f3b8567071c
"{'capsule': None, 'mass_returned_kg': None, 'mass_returned_lbs': None, 'flight_time_sec': None, 'manifest': None, 'water_landing': None, 'land_landing': None}",Varuna-TDM,Satellite,False,62f3b5330f55c50e192a4e6e,['Boeing'],[],['United States'],"['Spaceflight Inc', 'Digital Astro']",180.0,396.0,VLEO,geocentric,very-low-earth,,,,,,,,,,,,,,631617fbffc78f3b8567071d
"{'capsule': None, 'mass_returned_kg': None, 'mass_returned_lbs': None, 'flight_time_sec': None, 'manifest': None, 'water_landing': None, 'land_landing': None}",BlueWalker 3,Satellite,False,62a9f89a20413d2695d8871a,['AST & Science'],[],['United States'],['AST & Science'],1500.0,3306.0,VLEO,geocentric,very-low-earth,,,,,,,,,,,,,,63161872ffc78f3b8567071e
