fairings,links,static_fire_date_utc,static_fire_date_unix,net,window,rocket,success,failures,details,crew,ships,capsules,payloads,launchpad,flight_number,name,date_utc,date_unix,date_local,date_precision,upcoming,cores,auto_update,tbd,launch_library_id,id
"{'reused': None, 'recovery_attempt': None, 'recovered': None, 'ships': []}","{'patch': {'small': None, 'large': None}, 'reddit': {'campaign': None, 'launch': None, 'media': None, 'recovery': None}, 'flickr': {'small': [], 'original': []}, 'presskit': None, 'webcast': 'https://youtu.be/pY628jRd6gM', 'youtube_id': 'pY628jRd6gM', 'article': None, 'wikipedia': None}",,,False,,5e9d0d95eda69974db09d1ed,,[],,[],[],[],['5fe3b86eb3467846b324217c'],5e9e4502f509094188566f88,188,USSF-44,2022-11-01T13:41:00.000Z,1667310060,2022-11-01T09:41:00-04:00,hour,True,"[{'core': '5fe3b8f2b3467846b3242181', 'flight': 1, 'gridfins': True, 'legs': True, 'reused': False, 'landing_attempt': None, 'landing_success': None, 'landing_type': None, 'landpad': None}, {'core': '5fe3b8fbb3467846b3242182', 'flight': 1, 'gridfins': True, 'legs': True, 'reused': False, 'landing_attempt': None, 'landing_success': None, 'landing_type': None, 'landpad': None}, {'core': '5fe3b906b3467846b3242183', 'flight': 1, 'gridfins': True, 'legs': True, 'reused': False, 'landing_attempt': None, 'landing_success': None, 'landing_type': None, 'landpad': None}]",True,False,2306e0bc-e1a3-4a4a-9285-e1a94073655e,6243aec2af52800c6e91925d
"{'reused': None, 'recovery_attempt': None, 'recovered': None, 'ships': []}","{'patch': {'small': 'https://images2.imgbox.com/a9/9a/NXVkTZCE_o.png', 'large': 'https://images2.imgbox.com/e3/cc/hN96PmST_o.png'}, 'reddit': {'campaign': 'https://www.reddit.com/r/spacex/comments/jhu37i/starlink_general_discussion_and_deployment_thread/', 'launch': None, 'media': None, 'recovery': 'https://www.reddit.com/r/spacex/comments/k2ts1q/rspacex_fleet_updates_discussion_thread/'}, 'flickr': {'small': [], 'original': []}, 'presskit': None, 'webcast': 'https://youtu.be/iYtH2khNIgU', 'youtube_id': 'iYtH2khNIgU', 'article': None, 'wikipedia': None}",,,False,,5e9d0d95eda69973a809d1ec,,[],,[],[],[],['631616aeffc78f3b8567071b'],5e9e4501f509094ba4566f84,188,Starlink 4-36 (v1.5),2022-10-20T14:50:00.000Z,1666277400,2022-10-20T10:50:00-04:00,hour,True,"[{'core': None, 'flight': None, 'gridfins': None, 'legs': None, 'reused': None, 'landing_attempt': None, 'landing_success': None, 'landing_type': None, 'landpad': None}]",True,False,aa88b853-9e04-4a28-9433-d87799331b1b,63161345ffc78f3b8567070d
"{'reused': None, 'recovery_attempt': None, 'recovered': None, 'ships': []}","{'patch': {'small': None, 'large': None}, 'reddit': {'campaign': None, 'launch': None, 'media': None, 'recovery': None}, 'flickr': {'small': [], 'original': []}, 'presskit': None, 'webcast': None, 'youtube_id': None, 'article': None, 'wikipedia': None}",,,False,,5e9d0d95eda69973a809d1ec,,[],,[],[],[],[],5e9e4501f509094ba4566f84,188,Galaxy 33 (15R) & 34 (12R),2022-10-08T23:05:00.000Z,1665270300,2022-10-08T19:05:00-04:00,hour,True,"[{'core': None, 'flight': None, 'gridfins': True, 'legs': True, 'reused': False, 'landing_attempt': None, 'landing_success': None, 'landing_type': None, 'landpad': None}]",True,False,13977bd5-45d2-4ed1-9a4a-9fefeee0723a,633f71240531f07b4fdf59bb
"{'reused': None, 'recovery_attempt': None, 'recovered': None, 'ships': []}","{'patch': {'small': None, 'large': None}, 'reddit': {'campaign': None, 'launch': None, 'media': None, 'recovery': None}, 'flickr': {'small': [], 'original': []}, 'presskit': None, 'webcast': None, 'youtube_id': None, 'article': None, 'wikipedia': None}",,,False,,5e9d0d95eda69973a809d1ec,,[],,[],[],[],[],5e9e4501f509094ba4566f84,188,Hotbird 13F,2022-10-15T05:22:00.000Z,1665811320,2022-10-15T01:22:00-04:00,hour,True,"[{'core': None, 'flight': None, 'gridfins': True, 'legs': True, 'reused': False, 'landing_attempt': None, 'landing_success': None, 'landing_type': None, 'landpad': None}]",True,False,,633f71370531f07b4fdf59bc
"{'reused': None, 'recovery_attempt': None, 'recovered': None, 'ships': []}","{'patch': {'small': None, 'large': None}, 'reddit': {'campaign': None, 'launch': None, 'media': None, 'recovery': None}, 'flickr': {'small': [], 'original': []}, 'presskit': None, 'webcast': None, 'youtube_id': None, 'article': None, 'wikipedia': None}",,,False,,5e9d0d95eda69973a809d1ec,,[],,[],[],[],[],5e9e4501f509094ba4566f84,189,Hotbird 13G,2022-11-03T03:24:00.000Z,1667445840,2022-11-02T23:24:00-04:00,hour,True,"[{'core': None, 'flight': None, 'gridfins': True, 'legs': True, 'reused': False, 'landing_attempt': None, 'landing_success': None, 'landing_type': None, 'landpad': None}]",True,False,,633f71dd0531f07b4fdf59c1
"{'reused': None, 'recovery_attempt': None, 'recovered': None, 'ships': []}","{'patch': {'small': None, 'large': None}, 'reddit': {'campaign': None, 'launch': None, 'media': None, 'recovery': None}, 'flickr': {'small': [], 'original': []}, 'presskit': None, 'webcast': None, 'youtube_id': None, 'article': None, 'wikipedia': None}",,,False,,5e9d0d95eda69973a809d1ec,,[],,[],[],[],[],5e9e4501f509094ba4566f84,191,Galaxy 31 (23R) & 32 (17R),2022-11-08T00:00:00.000Z,1667865600,2022-11-07T19:00:00-05:00,day,True,"[{'core': None, 'flight': None, 'gridfins': True, 'legs': True, 'reused': False, 'landing_attempt': None, 'landing_success': None, 'landing_type': None, 'landpad': None}]",True,False,,633f71a90531f07b4fdf59be
"{'reused': None, 'recovery_attempt': None, 'recovered': None, 'ships': []}","{'patch': {'small': None, 'large': None}, 'reddit': {'campaign': None, 'launch': None, 'media': None, 'recovery': None}, 'flickr': {'small': [], 'original': []}, 'presskit': None, 'webcast': None, 'youtube_id': None, 'article': None, 'wikipedia': None}",,,False,,5e9d0d95eda69973a809d1ec,,[],,[],[],[],[],5e9e4501f509094ba4566f84,192,Eutelsat 10B,2022-11-15T00:00:00.000Z,1668470400,2022-11-14T19:00:00-05:00,day,True,"[{'core': None, 'flight': None, 'gridfins': True, 'legs': True, 'reused': False, 'landing_attempt': None, 'landing_success': None, 'landing_type': None, 'landpad': None}]",True,False,,633f71b60531f07b4fdf59bf
"{'reused': None, 'recovery_attempt': None, 'recovered': None, 'ships': []}","{'patch': {'small': None, 'large': None}, 'reddit': {'campaign': None, 'launch': None, 'media': None, 'recovery': None}, 'flickr': {'small': [], 'original': []}, 'presskit': None, 'webcast': None, 'youtube_id': None, 'article': None, 'wikipedia': None}",,,False,,5e9d0d95eda69973a809d1ec,,[],,[],[],[],[],5e9e4501f509094ba4566f84,193,ispace Mission 1 & Rashid,2022-11-22T00:00:00.000Z,1669075200,2022-11-21T19:00:00-05:00,day,True,"[{'core': None, 'flight': None, 'gridfins': True, 'legs': True, 'reused': False, 'landing_attempt': None, 'landing_success': None, 'landing_type': None, 'landpad': None}]",True,False,,633f723d0531f07b4fdf59c4
,"{'patch': {'small': None, 'large': None}, 'reddit': {'campaign': None, 'launch': None, 'media': None, 'recovery': None}, 'flickr': {'small': [], 'original': []}, 'presskit': None, 'webcast': None, 'youtube_id': None, 'article': None, 'wikipedia': None}",,,False,,5e9d0d95eda69973a809d1ec,,[],,[],[],[],[],5e9e4502f509094188566f88,194,CRS-26,2022-11-18T22:00:00.000Z,1668808800,2022-11-18T17:00:00-05:00,hour,True,"[{'core': None, 'flight': None, 'gridfins': True, 'legs': True, 'reused': False, 'landing_attempt': None, 'landing_success': None, 'landing_type': None, 'landpad': None}]",True,False,,633f71cc0531f07b4fdf59c0
"{'reused': None, 'recovery_attempt': None, 'recovered': None, 'ships': []}","{'patch': {'small': 'https://images2.imgbox.com/a9/9a/NXVkTZCE_o.png', 'large': 'https://images2.imgbox.com/e3/cc/hN96PmST_o.png'}, 'reddit': {'campaign': 'https://www.reddit.com/r/spacex/comments/jhu37i/starlink_general_discussion_and_deployment_thread/', 'launch': None, 'media': None, 'recovery': 'https://www.reddit.com/r/spacex/comments/k2ts1q/rspacex_fleet_updates_discussion_thread/'}, 'flickr': {'small': [], 'original': []}, 'presskit': None, 'webcast': 'https://youtu.be/wcq7xiTOPRg', 'youtube_id': 'wcq7xiTOPRg', 'article': None, 'wikipedia': None}",,,False,,5e9d0d95eda69973a809d1ec,,[],,[],[],[],[],5e9e4501f509094ba4566f84,195,Starlink 4-37 (v1.5),2022-11-01T00:00:00.000Z,1667260800,2022-10-31T20:00:00-04:00,month,True,"[{'core': None, 'flight': None, 'gridfins': None, 'legs': None, 'reused': None, 'landing_attempt': None, 'landing_success': None, 'landing_type': None, 'landpad': None}]",True,False,,633f71820531f07b4fdf59bd
"{'reused': None, 'recovery_attempt': None, 'recovered': None, 'ships': []}","{'patch': {'small': None, 'large': None}, 'reddit': {'campaign': None, 'launch': None, 'media': None, 'recovery': None}, 'flickr': {'small': [], 'original': []}, 'presskit': None, 'webcast': None, 'youtube_id': None, 'article': None, 'wikipedia': None}",,,False,,5e9d0d95eda69973a809d1ec,,[],,[],[],[],['6243b788af52800c6e91926b'],5e9e4501f509094ba4566f84,196,"O3b mPower 1,2",2022-11-01T00:00:00.000Z,1667260800,2022-10-31T20:00:00-04:00,month,True,"[{'core': None, 'flight': None, 'gridfins': None, 'legs': None, 'reused': None, 'landing_attempt': None, 'landing_success': None, 'landing_type': None, 'landpad': None}]",True,False,,6243ba08af52800c6e919270
"{'reused': None, 'recovery_attempt': None, 'recovered': None, 'ships': []}","{'patch': {'small': None, 'large': None}, 'reddit': {'campaign': None, 'launch': None, 'media': None, 'recovery': None}, 'flickr': {'small': [], 'original': []}, 'presskit': None, 'webcast': None, 'youtube_id': None, 'article': None, 'wikipedia': None}",,,False,,5e9d0d95eda69973a809d1ec,,[],,[],[],[],[],5e9e4502f509092b78566f87,197,SWOT,2022-12-05T00:00:00.000Z,1670198400,2022-12-04T16:00:00-08:00,day,True,"[{'core': None, 'flight': None, 'gridfins': True, 'legs': True, 'reused': False, 'landing_attempt': None, 'landing_success': None, 'landing_type': None, 'landpad': None}]",True,False,,633f724c0531f07b4fdf59c5
"{'reused': None, 'recovery_attempt': None, 'recovered': None, 'ships': []}","{'patch': {'small': None, 'large': None}, 'reddit': {'campaign': None, 'launch': None, 'media': None, 'recovery': None}, 'flickr': {'small': [], 'original': []}, 'presskit': None, 'webcast': None, 'youtube_id': None, 'article': None, 'wikipedia': None}",,,False,,5e9d0d95eda69973a809d1ec,,[],,[],[],[],[],5e9e4501f509094ba4566f84,198,SES-18 & SES-19,2022-11-01T00:00:00.000Z,1667260800,2022-10-31T20:00:00-04:00,month,True,"[{'core': None, 'flight': None, 'gridfins': True, 'legs': True, 'reused': False, 'landing_attempt': None, 'landing_success': None, 'landing_type': None, 'landpad': None}]",True,False,,633f72000531f07b4fdf59c2
"{'reused': None, 'recovery_attempt': None, 'recovered': None, 'ships': []}","{'patch': {'small': None, 'large': None}, 'reddit': {'campaign': None, 'launch': None, 'media': None, 'recovery': None}, 'flickr': {'small': [], 'original': []}, 'presskit': None, 'webcast': None, 'youtube_id': None, 'article': None, 'wikipedia': None}",,,False,,5e9d0d95eda69973a809d1ec,,[],,[],[],[],[],5e9e4501f509094ba4566f84,198,Transporter-6,2022-12-01T00:00:00.000Z,1669852800,2022-11-30T19:00:00-05:00,month,True,"[{'core': None, 'flight': None, 'gridfins': True, 'legs': True, 'reused': False, 'landing_attempt': None, 'landing_success': None, 'landing_type': None, 'landpad': None}]",True,False,,633f72580531f07b4fdf59c6
"{'reused': None, 'recovery_attempt': None, 'recovered': None, 'ships': []}","{'patch': {'small': None, 'large': None}, 'reddit': {'campaign': None, 'launch': None, 'media': None, 'recovery': None}, 'flickr': {'small': [], 'original': []}, 'presskit': None, 'webcast': None, 'youtube_id': None, 'article': None, 'wikipedia': None}",,,False,,5e9d0d95eda69973a809d1ec,,[],,[],[],[],['63161760ffc78f3b8567071c'],5e9e4502f509092b78566f87,199,TTL-1,2022-12-01T00:00:00.000Z,1669852800,2022-11-30T16:00:00-08:00,month,True,"[{'core': None, 'flight': None, 'gridfins': None, 'legs': None, 'reused': None, 'landing_attempt': None, 'landing_success': None, 'landing_type': None, 'landpad': None}]",True,False,,63161384ffc78f3b8567070e
"{'reused': None, 'recovery_attempt': None, 'recovered': None, 'ships': []}","{'patch': {'small': None, 'large': None}, 'reddit': {'campaign': None, 'launch': None, 'media': None, 'recovery': None}, 'flickr': {'small': [], 'original': []}, 'presskit': None, 'webcast': None, 'youtube_id': None, 'article': None, 'wikipedia': None}",,,False,,5e9d0d95eda69973a809d1ec,,[],,[],[],[],['6243b896af52800c6e91926e'],5e9e4501f509094ba4566f84,200,WorldView Legion 1 & 2,2022-12-01T00:00:00.000Z,1669852800,2022-11-30T19:00:00-05:00,month,True,"[{'core': None, 'flight': None, 'gridfins': None, 'legs': None, 'reused': None, 'landing_attempt': None, 'landing_success': None, 'landing_type': None, 'landpad': None}]",True,False,,6243ae58af52800c6e91925a
"{'reused': None, 'recovery_attempt': None, 'recovered': None, 'ships': []}","{'patch': {'small': None, 'large': None}, 'reddit': {'campaign': None, 'launch': None, 'media': None, 'recovery': None}, 'flickr': {'small': [], 'original': []}, 'presskit': None, 'webcast': None, 'youtube_id': None, 'article': None, 'wikipedia': None}",,,False,,5e9d0d95eda69974db09d1ed,,[],,[],[],[],[],5e9e4502f509094188566f88,202,Viasat-3 & Arcturus,2022-12-01T00:00:00.000Z,1669852800,2022-11-30T19:00:00-05:00,month,True,"[{'core': None, 'flight': None, 'gridfins': True, 'legs': True, 'reused': False, 'landing_attempt': None, 'landing_success': None, 'landing_type': None, 'landpad': None}, {'core': None, 'flight': None, 'gridfins': True, 'legs': True, 'reused': False, 'landing_attempt': None, 'landing_success': None, 'landing_type': None, 'landpad': None}, {'core': None, 'flight': None, 'gridfins': True, 'legs': True, 'reused': False, 'landing_attempt': None, 'landing_success': None, 'landing_type': None, 'landpad': None}]",True,False,,633f72130531f07b4fdf59c3
"{'reused': None, 'recovery_attempt': None, 'recovered': None, 'ships': []}","{'patch': {'small': None, 'large': None}, 'reddit': {'campaign': None, 'launch': None, 'media': None, 'recovery': None}, 'flickr': {'small': [], 'original': []}, 'presskit': None, 'webcast': None, 'youtube_id': None, 'article': None, 'wikipedia': None}",,,False,,5e9d0d95eda69973a809d1ec,,[],,[],[],[],['6243b788af52800c6e91926b'],5e9e4501f509094ba4566f84,203,O3b mPower 3.4,2022-12-01T00:00:00.000Z,1669852800,2022-11-30T19:00:00-05:00,month,True,"[{'core': None, 'flight': None, 'gridfins': None, 'legs': None, 'reused': None, 'landing_attempt': None, 'landing_success': None, 'landing_type': None, 'landpad': None}]",True,False,,6243ae7daf52800c6e91925b
